,condition_name,condition_integer,condition_group,beta_path,session,correct,ima
0,AColor,1,colored_blobs,"['subjects/Geo_Sim_TD/sessions/3D_10242023/1/AColor_delay_0_0_instance_beta.nii.gz', 'subjects/Geo_Sim_TD/sessions/3D_10242023/1/AColor_delay_1_0_instance_beta.nii.gz', 'subjects/Geo_Sim_TD/sessions/3D_10242023/1/AColor_delay_2_0_instance_beta.nii.gz']",3D_10242023,0,1
1,AColor,1,colored_blobs,"['subjects/Geo_Sim_TD/sessions/3D_10242023/1/AColor_delay_0_1_instance_beta.nii.gz', 'subjects/Geo_Sim_TD/sessions/3D_10242023/1/AColor_delay_1_1_instance_beta.nii.gz', 'subjects/Geo_Sim_TD/sessions/3D_10242023/1/AColor_delay_2_1_instance_beta.nii.gz']",3D_10242023,0,1
2,AColor,1,colored_blobs,"['subjects/Geo_Sim_TD/sessions/3D_10242023/1/AColor_delay_0_2_instance_beta.nii.gz', 'subjects/Geo_Sim_TD/sessions/3D_10242023/1/AColor_delay_1_2_instance_beta.nii.gz', 'subjects/Geo_Sim_TD/sessions/3D_10242023/1/AColor_delay_2_2_instance_beta.nii.gz']",3D_10242023,0,1
3,AColor,1,colored_blobs,"['subjects/Geo_Sim_TD/sessions/3D_10242023/1/AColor_delay_0_3_instance_beta.nii.gz', 'subjects/Geo_Sim_TD/sessions/3D_10242023/1/AColor_delay_1_3_instance_beta.nii.gz', 'subjects/Geo_Sim_TD/sessions/3D_10242023/1/AColor_delay_2_3_instance_beta.nii.gz']",3D_10242023,0,1
4,AColor,1,colored_blobs,"['subjects/Geo_Sim_TD/sessions/3D_10242023/1/AColor_delay_0_4_instance_beta.nii.gz', 'subjects/Geo_Sim_TD/sessions/3D_10242023/1/AColor_delay_1_4_instance_beta.nii.gz', 'subjects/Geo_Sim_TD/sessions/3D_10242023/1/AColor_delay_2_4_instance_beta.nii.gz']",3D_10242023,0,1
5,AColor,1,colored_blobs,"['subjects/Geo_Sim_TD/sessions/3D_10242023/1/AColor_delay_0_5_instance_beta.nii.gz', 'subjects/Geo_Sim_TD/sessions/3D_10242023/1/AColor_delay_1_5_instance_beta.nii.gz', 'subjects/Geo_Sim_TD/sessions/3D_10242023/1/AColor_delay_2_5_instance_beta.nii.gz']",3D_10242023,0,1
6,AColor,1,colored_blobs,"['subjects/Geo_Sim_TD/sessions/3D_10242023/1/AColor_delay_0_6_instance_beta.nii.gz', 'subjects/Geo_Sim_TD/sessions/3D_10242023/1/AColor_delay_1_6_instance_beta.nii.gz', 'subjects/Geo_Sim_TD/sessions/3D_10242023/1/AColor_delay_2_6_instance_beta.nii.gz']",3D_10242023,0,1
7,AColor,1,colored_blobs,"['subjects/Geo_Sim_TD/sessions/3D_10242023/1/AColor_delay_0_7_instance_beta.nii.gz', 'subjects/Geo_Sim_TD/sessions/3D_10242023/1/AColor_delay_1_7_instance_beta.nii.gz', 'subjects/Geo_Sim_TD/sessions/3D_10242023/1/AColor_delay_2_7_instance_beta.nii.gz']",3D_10242023,0,1
8,AColor,1,colored_blobs,"['subjects/Geo_Sim_TD/sessions/3D_10242023/1/AColor_delay_0_8_instance_beta.nii.gz', 'subjects/Geo_Sim_TD/sessions/3D_10242023/1/AColor_delay_1_8_instance_beta.nii.gz', 'subjects/Geo_Sim_TD/sessions/3D_10242023/1/AColor_delay_2_8_instance_beta.nii.gz']",3D_10242023,0,1
9,AColor,1,colored_blobs,"['subjects/Geo_Sim_TD/sessions/3D_10242023/1/AColor_delay_0_9_instance_beta.nii.gz', 'subjects/Geo_Sim_TD/sessions/3D_10242023/1/AColor_delay_1_9_instance_beta.nii.gz', 'subjects/Geo_Sim_TD/sessions/3D_10242023/1/AColor_delay_2_9_instance_beta.nii.gz']",3D_10242023,0,1
10,AColor,1,colored_blobs,"['subjects/Geo_Sim_TD/sessions/3D_10242023/1/AColor_delay_0_10_instance_beta.nii.gz', 'subjects/Geo_Sim_TD/sessions/3D_10242023/1/AColor_delay_1_10_instance_beta.nii.gz', 'subjects/Geo_Sim_TD/sessions/3D_10242023/1/AColor_delay_2_10_instance_beta.nii.gz']",3D_10242023,0,1
11,AColor,1,colored_blobs,"['subjects/Geo_Sim_TD/sessions/3D_10242023/1/AColor_delay_0_11_instance_beta.nii.gz', 'subjects/Geo_Sim_TD/sessions/3D_10242023/1/AColor_delay_1_11_instance_beta.nii.gz', 'subjects/Geo_Sim_TD/sessions/3D_10242023/1/AColor_delay_2_11_instance_beta.nii.gz']",3D_10242023,0,1
12,AColor,1,colored_blobs,"['subjects/Geo_Sim_TD/sessions/3D_10242023/1/AColor_delay_0_12_instance_beta.nii.gz', 'subjects/Geo_Sim_TD/sessions/3D_10242023/1/AColor_delay_1_12_instance_beta.nii.gz', 'subjects/Geo_Sim_TD/sessions/3D_10242023/1/AColor_delay_2_12_instance_beta.nii.gz']",3D_10242023,0,1
13,AColor,1,colored_blobs,"['subjects/Geo_Sim_TD/sessions/3D_10242023/1/AColor_delay_0_13_instance_beta.nii.gz', 'subjects/Geo_Sim_TD/sessions/3D_10242023/1/AColor_delay_1_13_instance_beta.nii.gz', 'subjects/Geo_Sim_TD/sessions/3D_10242023/1/AColor_delay_2_13_instance_beta.nii.gz']",3D_10242023,0,1
14,AColor,1,colored_blobs,"['subjects/Geo_Sim_TD/sessions/3D_10242023/1/AColor_delay_0_14_instance_beta.nii.gz', 'subjects/Geo_Sim_TD/sessions/3D_10242023/1/AColor_delay_1_14_instance_beta.nii.gz', 'subjects/Geo_Sim_TD/sessions/3D_10242023/1/AColor_delay_2_14_instance_beta.nii.gz']",3D_10242023,0,1
15,AColor,1,colored_blobs,"['subjects/Geo_Sim_TD/sessions/3D_10242023/1/AColor_delay_0_15_instance_beta.nii.gz', 'subjects/Geo_Sim_TD/sessions/3D_10242023/1/AColor_delay_1_15_instance_beta.nii.gz', 'subjects/Geo_Sim_TD/sessions/3D_10242023/1/AColor_delay_2_15_instance_beta.nii.gz']",3D_10242023,0,1
16,AColor,1,colored_blobs,"['subjects/Geo_Sim_TD/sessions/3D_10242023/1/AColor_delay_0_16_instance_beta.nii.gz', 'subjects/Geo_Sim_TD/sessions/3D_10242023/1/AColor_delay_1_16_instance_beta.nii.gz', 'subjects/Geo_Sim_TD/sessions/3D_10242023/1/AColor_delay_2_16_instance_beta.nii.gz']",3D_10242023,0,1
17,AColor,1,colored_blobs,"['subjects/Geo_Sim_TD/sessions/3D_10242023/1/AColor_delay_0_17_instance_beta.nii.gz', 'subjects/Geo_Sim_TD/sessions/3D_10242023/1/AColor_delay_1_17_instance_beta.nii.gz', 'subjects/Geo_Sim_TD/sessions/3D_10242023/1/AColor_delay_2_17_instance_beta.nii.gz']",3D_10242023,0,1
18,AColor,1,colored_blobs,"['subjects/Geo_Sim_TD/sessions/3D_10242023/1/AColor_delay_0_18_instance_beta.nii.gz', 'subjects/Geo_Sim_TD/sessions/3D_10242023/1/AColor_delay_1_18_instance_beta.nii.gz', 'subjects/Geo_Sim_TD/sessions/3D_10242023/1/AColor_delay_2_18_instance_beta.nii.gz']",3D_10242023,0,1
19,AColor,1,colored_blobs,"['subjects/Geo_Sim_TD/sessions/3D_10242023/1/AColor_delay_0_19_instance_beta.nii.gz', 'subjects/Geo_Sim_TD/sessions/3D_10242023/1/AColor_delay_1_19_instance_beta.nii.gz', 'subjects/Geo_Sim_TD/sessions/3D_10242023/1/AColor_delay_2_19_instance_beta.nii.gz']",3D_10242023,0,1
20,AColor,1,colored_blobs,"['subjects/Geo_Sim_TD/sessions/3D_10242023/1/AColor_delay_0_20_instance_beta.nii.gz', 'subjects/Geo_Sim_TD/sessions/3D_10242023/1/AColor_delay_1_20_instance_beta.nii.gz', 'subjects/Geo_Sim_TD/sessions/3D_10242023/1/AColor_delay_2_20_instance_beta.nii.gz']",3D_10242023,0,1
21,AColor,1,colored_blobs,"['subjects/Geo_Sim_TD/sessions/3D_10242023/1/AColor_delay_0_21_instance_beta.nii.gz', 'subjects/Geo_Sim_TD/sessions/3D_10242023/1/AColor_delay_1_21_instance_beta.nii.gz', 'subjects/Geo_Sim_TD/sessions/3D_10242023/1/AColor_delay_2_21_instance_beta.nii.gz']",3D_10242023,0,1
22,AColor,1,colored_blobs,"['subjects/Geo_Sim_TD/sessions/3D_10242023/1/AColor_delay_0_22_instance_beta.nii.gz', 'subjects/Geo_Sim_TD/sessions/3D_10242023/1/AColor_delay_1_22_instance_beta.nii.gz', 'subjects/Geo_Sim_TD/sessions/3D_10242023/1/AColor_delay_2_22_instance_beta.nii.gz']",3D_10242023,0,1
23,AColor,1,colored_blobs,"['subjects/Geo_Sim_TD/sessions/3D_10242023/1/AColor_delay_0_23_instance_beta.nii.gz', 'subjects/Geo_Sim_TD/sessions/3D_10242023/1/AColor_delay_1_23_instance_beta.nii.gz', 'subjects/Geo_Sim_TD/sessions/3D_10242023/1/AColor_delay_2_23_instance_beta.nii.gz']",3D_10242023,0,1
24,AColor,1,colored_blobs,"['subjects/Geo_Sim_TD/sessions/3D_10242023/1/AColor_delay_0_24_instance_beta.nii.gz', 'subjects/Geo_Sim_TD/sessions/3D_10242023/1/AColor_delay_1_24_instance_beta.nii.gz', 'subjects/Geo_Sim_TD/sessions/3D_10242023/1/AColor_delay_2_24_instance_beta.nii.gz']",3D_10242023,0,1
25,AColor,1,colored_blobs,"['subjects/Geo_Sim_TD/sessions/3D_10242023/1/AColor_delay_0_25_instance_beta.nii.gz', 'subjects/Geo_Sim_TD/sessions/3D_10242023/1/AColor_delay_1_25_instance_beta.nii.gz', 'subjects/Geo_Sim_TD/sessions/3D_10242023/1/AColor_delay_2_25_instance_beta.nii.gz']",3D_10242023,0,1
26,AColor,1,colored_blobs,"['subjects/Geo_Sim_TD/sessions/3D_10242023/1/AColor_delay_0_26_instance_beta.nii.gz', 'subjects/Geo_Sim_TD/sessions/3D_10242023/1/AColor_delay_1_26_instance_beta.nii.gz', 'subjects/Geo_Sim_TD/sessions/3D_10242023/1/AColor_delay_2_26_instance_beta.nii.gz']",3D_10242023,0,1
27,AColor,1,colored_blobs,"['subjects/Geo_Sim_TD/sessions/3D_10242023/1/AColor_delay_0_27_instance_beta.nii.gz', 'subjects/Geo_Sim_TD/sessions/3D_10242023/1/AColor_delay_1_27_instance_beta.nii.gz', 'subjects/Geo_Sim_TD/sessions/3D_10242023/1/AColor_delay_2_27_instance_beta.nii.gz']",3D_10242023,0,1
28,AColor,1,colored_blobs,"['subjects/Geo_Sim_TD/sessions/3D_10242023/1/AColor_delay_0_28_instance_beta.nii.gz', 'subjects/Geo_Sim_TD/sessions/3D_10242023/1/AColor_delay_1_28_instance_beta.nii.gz', 'subjects/Geo_Sim_TD/sessions/3D_10242023/1/AColor_delay_2_28_instance_beta.nii.gz']",3D_10242023,0,1
29,AColor,1,colored_blobs,"['subjects/Geo_Sim_TD/sessions/3D_10242023/1/AColor_delay_0_29_instance_beta.nii.gz', 'subjects/Geo_Sim_TD/sessions/3D_10242023/1/AColor_delay_1_29_instance_beta.nii.gz', 'subjects/Geo_Sim_TD/sessions/3D_10242023/1/AColor_delay_2_29_instance_beta.nii.gz']",3D_10242023,0,1
30,AColor,1,colored_blobs,"['subjects/Geo_Sim_TD/sessions/3D_10242023/1/AColor_delay_0_30_instance_beta.nii.gz', 'subjects/Geo_Sim_TD/sessions/3D_10242023/1/AColor_delay_1_30_instance_beta.nii.gz', 'subjects/Geo_Sim_TD/sessions/3D_10242023/1/AColor_delay_2_30_instance_beta.nii.gz']",3D_10242023,0,1
31,AColor,1,colored_blobs,"['subjects/Geo_Sim_TD/sessions/3D_10242023/1/AColor_delay_0_31_instance_beta.nii.gz', 'subjects/Geo_Sim_TD/sessions/3D_10242023/1/AColor_delay_1_31_instance_beta.nii.gz', 'subjects/Geo_Sim_TD/sessions/3D_10242023/1/AColor_delay_2_31_instance_beta.nii.gz']",3D_10242023,0,1
32,AColor,1,colored_blobs,"['subjects/Geo_Sim_TD/sessions/3D_10242023/1/AColor_delay_0_32_instance_beta.nii.gz', 'subjects/Geo_Sim_TD/sessions/3D_10242023/1/AColor_delay_1_32_instance_beta.nii.gz', 'subjects/Geo_Sim_TD/sessions/3D_10242023/1/AColor_delay_2_32_instance_beta.nii.gz']",3D_10242023,0,1
33,AColor,1,colored_blobs,"['subjects/Geo_Sim_TD/sessions/3D_10242023/1/AColor_delay_0_33_instance_beta.nii.gz', 'subjects/Geo_Sim_TD/sessions/3D_10242023/1/AColor_delay_1_33_instance_beta.nii.gz', 'subjects/Geo_Sim_TD/sessions/3D_10242023/1/AColor_delay_2_33_instance_beta.nii.gz']",3D_10242023,0,1
34,AColor,1,colored_blobs,"['subjects/Geo_Sim_TD/sessions/3D_10242023/1/AColor_delay_0_34_instance_beta.nii.gz', 'subjects/Geo_Sim_TD/sessions/3D_10242023/1/AColor_delay_1_34_instance_beta.nii.gz', 'subjects/Geo_Sim_TD/sessions/3D_10242023/1/AColor_delay_2_34_instance_beta.nii.gz']",3D_10242023,0,1
35,AColor,1,colored_blobs,"['subjects/Geo_Sim_TD/sessions/3D_10242023/1/AColor_delay_0_35_instance_beta.nii.gz', 'subjects/Geo_Sim_TD/sessions/3D_10242023/1/AColor_delay_1_35_instance_beta.nii.gz', 'subjects/Geo_Sim_TD/sessions/3D_10242023/1/AColor_delay_2_35_instance_beta.nii.gz']",3D_10242023,0,1
36,AColor,1,colored_blobs,"['subjects/Geo_Sim_TD/sessions/3D_10242023/1/AColor_delay_0_36_instance_beta.nii.gz', 'subjects/Geo_Sim_TD/sessions/3D_10242023/1/AColor_delay_1_36_instance_beta.nii.gz', 'subjects/Geo_Sim_TD/sessions/3D_10242023/1/AColor_delay_2_36_instance_beta.nii.gz']",3D_10242023,0,1
37,AColor,1,colored_blobs,"['subjects/Geo_Sim_TD/sessions/3D_10242023/1/AColor_delay_0_37_instance_beta.nii.gz', 'subjects/Geo_Sim_TD/sessions/3D_10242023/1/AColor_delay_1_37_instance_beta.nii.gz', 'subjects/Geo_Sim_TD/sessions/3D_10242023/1/AColor_delay_2_37_instance_beta.nii.gz']",3D_10242023,0,1
38,AColor,1,colored_blobs,"['subjects/Geo_Sim_TD/sessions/3D_10242023/1/AColor_delay_0_38_instance_beta.nii.gz', 'subjects/Geo_Sim_TD/sessions/3D_10242023/1/AColor_delay_1_38_instance_beta.nii.gz', 'subjects/Geo_Sim_TD/sessions/3D_10242023/1/AColor_delay_2_38_instance_beta.nii.gz']",3D_10242023,0,1
39,AColor,1,colored_blobs,"['subjects/Geo_Sim_TD/sessions/3D_10242023/1/AColor_delay_0_39_instance_beta.nii.gz', 'subjects/Geo_Sim_TD/sessions/3D_10242023/1/AColor_delay_1_39_instance_beta.nii.gz', 'subjects/Geo_Sim_TD/sessions/3D_10242023/1/AColor_delay_2_39_instance_beta.nii.gz']",3D_10242023,0,1
40,AColor,1,colored_blobs,"['subjects/Geo_Sim_TD/sessions/3D_10242023/1/AColor_delay_0_40_instance_beta.nii.gz', 'subjects/Geo_Sim_TD/sessions/3D_10242023/1/AColor_delay_1_40_instance_beta.nii.gz', 'subjects/Geo_Sim_TD/sessions/3D_10242023/1/AColor_delay_2_40_instance_beta.nii.gz']",3D_10242023,0,1
41,AColor,1,colored_blobs,"['subjects/Geo_Sim_TD/sessions/3D_10242023/1/AColor_delay_0_41_instance_beta.nii.gz', 'subjects/Geo_Sim_TD/sessions/3D_10242023/1/AColor_delay_1_41_instance_beta.nii.gz', 'subjects/Geo_Sim_TD/sessions/3D_10242023/1/AColor_delay_2_41_instance_beta.nii.gz']",3D_10242023,0,1
42,AColor,1,colored_blobs,"['subjects/Geo_Sim_TD/sessions/3D_10242023/1/AColor_delay_0_42_instance_beta.nii.gz', 'subjects/Geo_Sim_TD/sessions/3D_10242023/1/AColor_delay_1_42_instance_beta.nii.gz', 'subjects/Geo_Sim_TD/sessions/3D_10242023/1/AColor_delay_2_42_instance_beta.nii.gz']",3D_10242023,0,1
43,AColor,1,colored_blobs,"['subjects/Geo_Sim_TD/sessions/3D_10242023/1/AColor_delay_0_43_instance_beta.nii.gz', 'subjects/Geo_Sim_TD/sessions/3D_10242023/1/AColor_delay_1_43_instance_beta.nii.gz', 'subjects/Geo_Sim_TD/sessions/3D_10242023/1/AColor_delay_2_43_instance_beta.nii.gz']",3D_10242023,0,1
44,AColor,1,colored_blobs,"['subjects/Geo_Sim_TD/sessions/3D_10242023/1/AColor_delay_0_44_instance_beta.nii.gz', 'subjects/Geo_Sim_TD/sessions/3D_10242023/1/AColor_delay_1_44_instance_beta.nii.gz', 'subjects/Geo_Sim_TD/sessions/3D_10242023/1/AColor_delay_2_44_instance_beta.nii.gz']",3D_10242023,0,1
45,AColor,1,colored_blobs,"['subjects/Geo_Sim_TD/sessions/3D_10242023/1/AColor_delay_0_45_instance_beta.nii.gz', 'subjects/Geo_Sim_TD/sessions/3D_10242023/1/AColor_delay_1_45_instance_beta.nii.gz', 'subjects/Geo_Sim_TD/sessions/3D_10242023/1/AColor_delay_2_45_instance_beta.nii.gz']",3D_10242023,0,1
46,AColor,1,colored_blobs,"['subjects/Geo_Sim_TD/sessions/3D_10242023/1/AColor_delay_0_46_instance_beta.nii.gz', 'subjects/Geo_Sim_TD/sessions/3D_10242023/1/AColor_delay_1_46_instance_beta.nii.gz', 'subjects/Geo_Sim_TD/sessions/3D_10242023/1/AColor_delay_2_46_instance_beta.nii.gz']",3D_10242023,0,1
47,AColor,1,colored_blobs,"['subjects/Geo_Sim_TD/sessions/3D_10242023/1/AColor_delay_0_47_instance_beta.nii.gz', 'subjects/Geo_Sim_TD/sessions/3D_10242023/1/AColor_delay_1_47_instance_beta.nii.gz', 'subjects/Geo_Sim_TD/sessions/3D_10242023/1/AColor_delay_2_47_instance_beta.nii.gz']",3D_10242023,0,1
48,AColor,1,colored_blobs,"['subjects/Geo_Sim_TD/sessions/3D_10242023/1/AColor_delay_0_48_instance_beta.nii.gz', 'subjects/Geo_Sim_TD/sessions/3D_10242023/1/AColor_delay_1_48_instance_beta.nii.gz', 'subjects/Geo_Sim_TD/sessions/3D_10242023/1/AColor_delay_2_48_instance_beta.nii.gz']",3D_10242023,0,1
49,AColor,1,colored_blobs,"['subjects/Geo_Sim_TD/sessions/3D_10242023/1/AColor_delay_0_49_instance_beta.nii.gz', 'subjects/Geo_Sim_TD/sessions/3D_10242023/1/AColor_delay_1_49_instance_beta.nii.gz', 'subjects/Geo_Sim_TD/sessions/3D_10242023/1/AColor_delay_2_49_instance_beta.nii.gz']",3D_10242023,0,1
50,BColor,2,colored_blobs,"['subjects/Geo_Sim_TD/sessions/3D_10242023/1/BColor_delay_0_0_instance_beta.nii.gz', 'subjects/Geo_Sim_TD/sessions/3D_10242023/1/BColor_delay_1_0_instance_beta.nii.gz', 'subjects/Geo_Sim_TD/sessions/3D_10242023/1/BColor_delay_2_0_instance_beta.nii.gz']",3D_10242023,0,1
51,BColor,2,colored_blobs,"['subjects/Geo_Sim_TD/sessions/3D_10242023/1/BColor_delay_0_1_instance_beta.nii.gz', 'subjects/Geo_Sim_TD/sessions/3D_10242023/1/BColor_delay_1_1_instance_beta.nii.gz', 'subjects/Geo_Sim_TD/sessions/3D_10242023/1/BColor_delay_2_1_instance_beta.nii.gz']",3D_10242023,0,1
52,BColor,2,colored_blobs,"['subjects/Geo_Sim_TD/sessions/3D_10242023/1/BColor_delay_0_2_instance_beta.nii.gz', 'subjects/Geo_Sim_TD/sessions/3D_10242023/1/BColor_delay_1_2_instance_beta.nii.gz', 'subjects/Geo_Sim_TD/sessions/3D_10242023/1/BColor_delay_2_2_instance_beta.nii.gz']",3D_10242023,0,1
53,BColor,2,colored_blobs,"['subjects/Geo_Sim_TD/sessions/3D_10242023/1/BColor_delay_0_3_instance_beta.nii.gz', 'subjects/Geo_Sim_TD/sessions/3D_10242023/1/BColor_delay_1_3_instance_beta.nii.gz', 'subjects/Geo_Sim_TD/sessions/3D_10242023/1/BColor_delay_2_3_instance_beta.nii.gz']",3D_10242023,0,1
54,BColor,2,colored_blobs,"['subjects/Geo_Sim_TD/sessions/3D_10242023/1/BColor_delay_0_4_instance_beta.nii.gz', 'subjects/Geo_Sim_TD/sessions/3D_10242023/1/BColor_delay_1_4_instance_beta.nii.gz', 'subjects/Geo_Sim_TD/sessions/3D_10242023/1/BColor_delay_2_4_instance_beta.nii.gz']",3D_10242023,0,1
55,BColor,2,colored_blobs,"['subjects/Geo_Sim_TD/sessions/3D_10242023/1/BColor_delay_0_5_instance_beta.nii.gz', 'subjects/Geo_Sim_TD/sessions/3D_10242023/1/BColor_delay_1_5_instance_beta.nii.gz', 'subjects/Geo_Sim_TD/sessions/3D_10242023/1/BColor_delay_2_5_instance_beta.nii.gz']",3D_10242023,0,1
56,BColor,2,colored_blobs,"['subjects/Geo_Sim_TD/sessions/3D_10242023/1/BColor_delay_0_6_instance_beta.nii.gz', 'subjects/Geo_Sim_TD/sessions/3D_10242023/1/BColor_delay_1_6_instance_beta.nii.gz', 'subjects/Geo_Sim_TD/sessions/3D_10242023/1/BColor_delay_2_6_instance_beta.nii.gz']",3D_10242023,0,1
57,BColor,2,colored_blobs,"['subjects/Geo_Sim_TD/sessions/3D_10242023/1/BColor_delay_0_7_instance_beta.nii.gz', 'subjects/Geo_Sim_TD/sessions/3D_10242023/1/BColor_delay_1_7_instance_beta.nii.gz', 'subjects/Geo_Sim_TD/sessions/3D_10242023/1/BColor_delay_2_7_instance_beta.nii.gz']",3D_10242023,0,1
58,BColor,2,colored_blobs,"['subjects/Geo_Sim_TD/sessions/3D_10242023/1/BColor_delay_0_8_instance_beta.nii.gz', 'subjects/Geo_Sim_TD/sessions/3D_10242023/1/BColor_delay_1_8_instance_beta.nii.gz', 'subjects/Geo_Sim_TD/sessions/3D_10242023/1/BColor_delay_2_8_instance_beta.nii.gz']",3D_10242023,0,1
59,BColor,2,colored_blobs,"['subjects/Geo_Sim_TD/sessions/3D_10242023/1/BColor_delay_0_9_instance_beta.nii.gz', 'subjects/Geo_Sim_TD/sessions/3D_10242023/1/BColor_delay_1_9_instance_beta.nii.gz', 'subjects/Geo_Sim_TD/sessions/3D_10242023/1/BColor_delay_2_9_instance_beta.nii.gz']",3D_10242023,0,1
60,BColor,2,colored_blobs,"['subjects/Geo_Sim_TD/sessions/3D_10242023/1/BColor_delay_0_10_instance_beta.nii.gz', 'subjects/Geo_Sim_TD/sessions/3D_10242023/1/BColor_delay_1_10_instance_beta.nii.gz', 'subjects/Geo_Sim_TD/sessions/3D_10242023/1/BColor_delay_2_10_instance_beta.nii.gz']",3D_10242023,0,1
61,BColor,2,colored_blobs,"['subjects/Geo_Sim_TD/sessions/3D_10242023/1/BColor_delay_0_11_instance_beta.nii.gz', 'subjects/Geo_Sim_TD/sessions/3D_10242023/1/BColor_delay_1_11_instance_beta.nii.gz', 'subjects/Geo_Sim_TD/sessions/3D_10242023/1/BColor_delay_2_11_instance_beta.nii.gz']",3D_10242023,0,1
62,BColor,2,colored_blobs,"['subjects/Geo_Sim_TD/sessions/3D_10242023/1/BColor_delay_0_12_instance_beta.nii.gz', 'subjects/Geo_Sim_TD/sessions/3D_10242023/1/BColor_delay_1_12_instance_beta.nii.gz', 'subjects/Geo_Sim_TD/sessions/3D_10242023/1/BColor_delay_2_12_instance_beta.nii.gz']",3D_10242023,0,1
63,BColor,2,colored_blobs,"['subjects/Geo_Sim_TD/sessions/3D_10242023/1/BColor_delay_0_13_instance_beta.nii.gz', 'subjects/Geo_Sim_TD/sessions/3D_10242023/1/BColor_delay_1_13_instance_beta.nii.gz', 'subjects/Geo_Sim_TD/sessions/3D_10242023/1/BColor_delay_2_13_instance_beta.nii.gz']",3D_10242023,0,1
64,BColor,2,colored_blobs,"['subjects/Geo_Sim_TD/sessions/3D_10242023/1/BColor_delay_0_14_instance_beta.nii.gz', 'subjects/Geo_Sim_TD/sessions/3D_10242023/1/BColor_delay_1_14_instance_beta.nii.gz', 'subjects/Geo_Sim_TD/sessions/3D_10242023/1/BColor_delay_2_14_instance_beta.nii.gz']",3D_10242023,0,1
65,BColor,2,colored_blobs,"['subjects/Geo_Sim_TD/sessions/3D_10242023/1/BColor_delay_0_15_instance_beta.nii.gz', 'subjects/Geo_Sim_TD/sessions/3D_10242023/1/BColor_delay_1_15_instance_beta.nii.gz', 'subjects/Geo_Sim_TD/sessions/3D_10242023/1/BColor_delay_2_15_instance_beta.nii.gz']",3D_10242023,0,1
66,BColor,2,colored_blobs,"['subjects/Geo_Sim_TD/sessions/3D_10242023/1/BColor_delay_0_16_instance_beta.nii.gz', 'subjects/Geo_Sim_TD/sessions/3D_10242023/1/BColor_delay_1_16_instance_beta.nii.gz', 'subjects/Geo_Sim_TD/sessions/3D_10242023/1/BColor_delay_2_16_instance_beta.nii.gz']",3D_10242023,0,1
67,BColor,2,colored_blobs,"['subjects/Geo_Sim_TD/sessions/3D_10242023/1/BColor_delay_0_17_instance_beta.nii.gz', 'subjects/Geo_Sim_TD/sessions/3D_10242023/1/BColor_delay_1_17_instance_beta.nii.gz', 'subjects/Geo_Sim_TD/sessions/3D_10242023/1/BColor_delay_2_17_instance_beta.nii.gz']",3D_10242023,0,1
68,BColor,2,colored_blobs,"['subjects/Geo_Sim_TD/sessions/3D_10242023/1/BColor_delay_0_18_instance_beta.nii.gz', 'subjects/Geo_Sim_TD/sessions/3D_10242023/1/BColor_delay_1_18_instance_beta.nii.gz', 'subjects/Geo_Sim_TD/sessions/3D_10242023/1/BColor_delay_2_18_instance_beta.nii.gz']",3D_10242023,0,1
69,BColor,2,colored_blobs,"['subjects/Geo_Sim_TD/sessions/3D_10242023/1/BColor_delay_0_19_instance_beta.nii.gz', 'subjects/Geo_Sim_TD/sessions/3D_10242023/1/BColor_delay_1_19_instance_beta.nii.gz', 'subjects/Geo_Sim_TD/sessions/3D_10242023/1/BColor_delay_2_19_instance_beta.nii.gz']",3D_10242023,0,1
70,BColor,2,colored_blobs,"['subjects/Geo_Sim_TD/sessions/3D_10242023/1/BColor_delay_0_20_instance_beta.nii.gz', 'subjects/Geo_Sim_TD/sessions/3D_10242023/1/BColor_delay_1_20_instance_beta.nii.gz', 'subjects/Geo_Sim_TD/sessions/3D_10242023/1/BColor_delay_2_20_instance_beta.nii.gz']",3D_10242023,0,1
71,BColor,2,colored_blobs,"['subjects/Geo_Sim_TD/sessions/3D_10242023/1/BColor_delay_0_21_instance_beta.nii.gz', 'subjects/Geo_Sim_TD/sessions/3D_10242023/1/BColor_delay_1_21_instance_beta.nii.gz', 'subjects/Geo_Sim_TD/sessions/3D_10242023/1/BColor_delay_2_21_instance_beta.nii.gz']",3D_10242023,0,1
72,BColor,2,colored_blobs,"['subjects/Geo_Sim_TD/sessions/3D_10242023/1/BColor_delay_0_22_instance_beta.nii.gz', 'subjects/Geo_Sim_TD/sessions/3D_10242023/1/BColor_delay_1_22_instance_beta.nii.gz', 'subjects/Geo_Sim_TD/sessions/3D_10242023/1/BColor_delay_2_22_instance_beta.nii.gz']",3D_10242023,0,1
73,BColor,2,colored_blobs,"['subjects/Geo_Sim_TD/sessions/3D_10242023/1/BColor_delay_0_23_instance_beta.nii.gz', 'subjects/Geo_Sim_TD/sessions/3D_10242023/1/BColor_delay_1_23_instance_beta.nii.gz', 'subjects/Geo_Sim_TD/sessions/3D_10242023/1/BColor_delay_2_23_instance_beta.nii.gz']",3D_10242023,0,1
74,BColor,2,colored_blobs,"['subjects/Geo_Sim_TD/sessions/3D_10242023/1/BColor_delay_0_24_instance_beta.nii.gz', 'subjects/Geo_Sim_TD/sessions/3D_10242023/1/BColor_delay_1_24_instance_beta.nii.gz', 'subjects/Geo_Sim_TD/sessions/3D_10242023/1/BColor_delay_2_24_instance_beta.nii.gz']",3D_10242023,0,1
75,BColor,2,colored_blobs,"['subjects/Geo_Sim_TD/sessions/3D_10242023/1/BColor_delay_0_25_instance_beta.nii.gz', 'subjects/Geo_Sim_TD/sessions/3D_10242023/1/BColor_delay_1_25_instance_beta.nii.gz', 'subjects/Geo_Sim_TD/sessions/3D_10242023/1/BColor_delay_2_25_instance_beta.nii.gz']",3D_10242023,0,1
76,BColor,2,colored_blobs,"['subjects/Geo_Sim_TD/sessions/3D_10242023/1/BColor_delay_0_26_instance_beta.nii.gz', 'subjects/Geo_Sim_TD/sessions/3D_10242023/1/BColor_delay_1_26_instance_beta.nii.gz', 'subjects/Geo_Sim_TD/sessions/3D_10242023/1/BColor_delay_2_26_instance_beta.nii.gz']",3D_10242023,0,1
77,BColor,2,colored_blobs,"['subjects/Geo_Sim_TD/sessions/3D_10242023/1/BColor_delay_0_27_instance_beta.nii.gz', 'subjects/Geo_Sim_TD/sessions/3D_10242023/1/BColor_delay_1_27_instance_beta.nii.gz', 'subjects/Geo_Sim_TD/sessions/3D_10242023/1/BColor_delay_2_27_instance_beta.nii.gz']",3D_10242023,0,1
78,BColor,2,colored_blobs,"['subjects/Geo_Sim_TD/sessions/3D_10242023/1/BColor_delay_0_28_instance_beta.nii.gz', 'subjects/Geo_Sim_TD/sessions/3D_10242023/1/BColor_delay_1_28_instance_beta.nii.gz', 'subjects/Geo_Sim_TD/sessions/3D_10242023/1/BColor_delay_2_28_instance_beta.nii.gz']",3D_10242023,0,1
79,BColor,2,colored_blobs,"['subjects/Geo_Sim_TD/sessions/3D_10242023/1/BColor_delay_0_29_instance_beta.nii.gz', 'subjects/Geo_Sim_TD/sessions/3D_10242023/1/BColor_delay_1_29_instance_beta.nii.gz', 'subjects/Geo_Sim_TD/sessions/3D_10242023/1/BColor_delay_2_29_instance_beta.nii.gz']",3D_10242023,0,1
80,BColor,2,colored_blobs,"['subjects/Geo_Sim_TD/sessions/3D_10242023/1/BColor_delay_0_30_instance_beta.nii.gz', 'subjects/Geo_Sim_TD/sessions/3D_10242023/1/BColor_delay_1_30_instance_beta.nii.gz', 'subjects/Geo_Sim_TD/sessions/3D_10242023/1/BColor_delay_2_30_instance_beta.nii.gz']",3D_10242023,0,1
81,BColor,2,colored_blobs,"['subjects/Geo_Sim_TD/sessions/3D_10242023/1/BColor_delay_0_31_instance_beta.nii.gz', 'subjects/Geo_Sim_TD/sessions/3D_10242023/1/BColor_delay_1_31_instance_beta.nii.gz', 'subjects/Geo_Sim_TD/sessions/3D_10242023/1/BColor_delay_2_31_instance_beta.nii.gz']",3D_10242023,0,1
82,BColor,2,colored_blobs,"['subjects/Geo_Sim_TD/sessions/3D_10242023/1/BColor_delay_0_32_instance_beta.nii.gz', 'subjects/Geo_Sim_TD/sessions/3D_10242023/1/BColor_delay_1_32_instance_beta.nii.gz', 'subjects/Geo_Sim_TD/sessions/3D_10242023/1/BColor_delay_2_32_instance_beta.nii.gz']",3D_10242023,0,1
83,BColor,2,colored_blobs,"['subjects/Geo_Sim_TD/sessions/3D_10242023/1/BColor_delay_0_33_instance_beta.nii.gz', 'subjects/Geo_Sim_TD/sessions/3D_10242023/1/BColor_delay_1_33_instance_beta.nii.gz', 'subjects/Geo_Sim_TD/sessions/3D_10242023/1/BColor_delay_2_33_instance_beta.nii.gz']",3D_10242023,0,1
84,BColor,2,colored_blobs,"['subjects/Geo_Sim_TD/sessions/3D_10242023/1/BColor_delay_0_34_instance_beta.nii.gz', 'subjects/Geo_Sim_TD/sessions/3D_10242023/1/BColor_delay_1_34_instance_beta.nii.gz', 'subjects/Geo_Sim_TD/sessions/3D_10242023/1/BColor_delay_2_34_instance_beta.nii.gz']",3D_10242023,0,1
85,BColor,2,colored_blobs,"['subjects/Geo_Sim_TD/sessions/3D_10242023/1/BColor_delay_0_35_instance_beta.nii.gz', 'subjects/Geo_Sim_TD/sessions/3D_10242023/1/BColor_delay_1_35_instance_beta.nii.gz', 'subjects/Geo_Sim_TD/sessions/3D_10242023/1/BColor_delay_2_35_instance_beta.nii.gz']",3D_10242023,0,1
86,BColor,2,colored_blobs,"['subjects/Geo_Sim_TD/sessions/3D_10242023/1/BColor_delay_0_36_instance_beta.nii.gz', 'subjects/Geo_Sim_TD/sessions/3D_10242023/1/BColor_delay_1_36_instance_beta.nii.gz', 'subjects/Geo_Sim_TD/sessions/3D_10242023/1/BColor_delay_2_36_instance_beta.nii.gz']",3D_10242023,0,1
87,BColor,2,colored_blobs,"['subjects/Geo_Sim_TD/sessions/3D_10242023/1/BColor_delay_0_37_instance_beta.nii.gz', 'subjects/Geo_Sim_TD/sessions/3D_10242023/1/BColor_delay_1_37_instance_beta.nii.gz', 'subjects/Geo_Sim_TD/sessions/3D_10242023/1/BColor_delay_2_37_instance_beta.nii.gz']",3D_10242023,0,1
88,BColor,2,colored_blobs,"['subjects/Geo_Sim_TD/sessions/3D_10242023/1/BColor_delay_0_38_instance_beta.nii.gz', 'subjects/Geo_Sim_TD/sessions/3D_10242023/1/BColor_delay_1_38_instance_beta.nii.gz', 'subjects/Geo_Sim_TD/sessions/3D_10242023/1/BColor_delay_2_38_instance_beta.nii.gz']",3D_10242023,0,1
89,BColor,2,colored_blobs,"['subjects/Geo_Sim_TD/sessions/3D_10242023/1/BColor_delay_0_39_instance_beta.nii.gz', 'subjects/Geo_Sim_TD/sessions/3D_10242023/1/BColor_delay_1_39_instance_beta.nii.gz', 'subjects/Geo_Sim_TD/sessions/3D_10242023/1/BColor_delay_2_39_instance_beta.nii.gz']",3D_10242023,0,1
90,BColor,2,colored_blobs,"['subjects/Geo_Sim_TD/sessions/3D_10242023/1/BColor_delay_0_40_instance_beta.nii.gz', 'subjects/Geo_Sim_TD/sessions/3D_10242023/1/BColor_delay_1_40_instance_beta.nii.gz', 'subjects/Geo_Sim_TD/sessions/3D_10242023/1/BColor_delay_2_40_instance_beta.nii.gz']",3D_10242023,0,1
91,BColor,2,colored_blobs,"['subjects/Geo_Sim_TD/sessions/3D_10242023/1/BColor_delay_0_41_instance_beta.nii.gz', 'subjects/Geo_Sim_TD/sessions/3D_10242023/1/BColor_delay_1_41_instance_beta.nii.gz', 'subjects/Geo_Sim_TD/sessions/3D_10242023/1/BColor_delay_2_41_instance_beta.nii.gz']",3D_10242023,0,1
92,BColor,2,colored_blobs,"['subjects/Geo_Sim_TD/sessions/3D_10242023/1/BColor_delay_0_42_instance_beta.nii.gz', 'subjects/Geo_Sim_TD/sessions/3D_10242023/1/BColor_delay_1_42_instance_beta.nii.gz', 'subjects/Geo_Sim_TD/sessions/3D_10242023/1/BColor_delay_2_42_instance_beta.nii.gz']",3D_10242023,0,1
93,BColor,2,colored_blobs,"['subjects/Geo_Sim_TD/sessions/3D_10242023/1/BColor_delay_0_43_instance_beta.nii.gz', 'subjects/Geo_Sim_TD/sessions/3D_10242023/1/BColor_delay_1_43_instance_beta.nii.gz', 'subjects/Geo_Sim_TD/sessions/3D_10242023/1/BColor_delay_2_43_instance_beta.nii.gz']",3D_10242023,0,1
94,BColor,2,colored_blobs,"['subjects/Geo_Sim_TD/sessions/3D_10242023/1/BColor_delay_0_44_instance_beta.nii.gz', 'subjects/Geo_Sim_TD/sessions/3D_10242023/1/BColor_delay_1_44_instance_beta.nii.gz', 'subjects/Geo_Sim_TD/sessions/3D_10242023/1/BColor_delay_2_44_instance_beta.nii.gz']",3D_10242023,0,1
95,BColor,2,colored_blobs,"['subjects/Geo_Sim_TD/sessions/3D_10242023/1/BColor_delay_0_45_instance_beta.nii.gz', 'subjects/Geo_Sim_TD/sessions/3D_10242023/1/BColor_delay_1_45_instance_beta.nii.gz', 'subjects/Geo_Sim_TD/sessions/3D_10242023/1/BColor_delay_2_45_instance_beta.nii.gz']",3D_10242023,0,1
96,BColor,2,colored_blobs,"['subjects/Geo_Sim_TD/sessions/3D_10242023/1/BColor_delay_0_46_instance_beta.nii.gz', 'subjects/Geo_Sim_TD/sessions/3D_10242023/1/BColor_delay_1_46_instance_beta.nii.gz', 'subjects/Geo_Sim_TD/sessions/3D_10242023/1/BColor_delay_2_46_instance_beta.nii.gz']",3D_10242023,0,1
97,BColor,2,colored_blobs,"['subjects/Geo_Sim_TD/sessions/3D_10242023/1/BColor_delay_0_47_instance_beta.nii.gz', 'subjects/Geo_Sim_TD/sessions/3D_10242023/1/BColor_delay_1_47_instance_beta.nii.gz', 'subjects/Geo_Sim_TD/sessions/3D_10242023/1/BColor_delay_2_47_instance_beta.nii.gz']",3D_10242023,0,1
98,BColor,2,colored_blobs,"['subjects/Geo_Sim_TD/sessions/3D_10242023/1/BColor_delay_0_48_instance_beta.nii.gz', 'subjects/Geo_Sim_TD/sessions/3D_10242023/1/BColor_delay_1_48_instance_beta.nii.gz', 'subjects/Geo_Sim_TD/sessions/3D_10242023/1/BColor_delay_2_48_instance_beta.nii.gz']",3D_10242023,0,1
99,BColor,2,colored_blobs,"['subjects/Geo_Sim_TD/sessions/3D_10242023/1/BColor_delay_0_49_instance_beta.nii.gz', 'subjects/Geo_Sim_TD/sessions/3D_10242023/1/BColor_delay_1_49_instance_beta.nii.gz', 'subjects/Geo_Sim_TD/sessions/3D_10242023/1/BColor_delay_2_49_instance_beta.nii.gz']",3D_10242023,0,1
100,AShape,3,uncolored_shapes,"['subjects/Geo_Sim_TD/sessions/3D_10242023/1/AShape_delay_0_0_instance_beta.nii.gz', 'subjects/Geo_Sim_TD/sessions/3D_10242023/1/AShape_delay_1_0_instance_beta.nii.gz', 'subjects/Geo_Sim_TD/sessions/3D_10242023/1/AShape_delay_2_0_instance_beta.nii.gz']",3D_10242023,0,1
101,AShape,3,uncolored_shapes,"['subjects/Geo_Sim_TD/sessions/3D_10242023/1/AShape_delay_0_1_instance_beta.nii.gz', 'subjects/Geo_Sim_TD/sessions/3D_10242023/1/AShape_delay_1_1_instance_beta.nii.gz', 'subjects/Geo_Sim_TD/sessions/3D_10242023/1/AShape_delay_2_1_instance_beta.nii.gz']",3D_10242023,0,1
102,AShape,3,uncolored_shapes,"['subjects/Geo_Sim_TD/sessions/3D_10242023/1/AShape_delay_0_2_instance_beta.nii.gz', 'subjects/Geo_Sim_TD/sessions/3D_10242023/1/AShape_delay_1_2_instance_beta.nii.gz', 'subjects/Geo_Sim_TD/sessions/3D_10242023/1/AShape_delay_2_2_instance_beta.nii.gz']",3D_10242023,0,1
103,AShape,3,uncolored_shapes,"['subjects/Geo_Sim_TD/sessions/3D_10242023/1/AShape_delay_0_3_instance_beta.nii.gz', 'subjects/Geo_Sim_TD/sessions/3D_10242023/1/AShape_delay_1_3_instance_beta.nii.gz', 'subjects/Geo_Sim_TD/sessions/3D_10242023/1/AShape_delay_2_3_instance_beta.nii.gz']",3D_10242023,0,1
104,AShape,3,uncolored_shapes,"['subjects/Geo_Sim_TD/sessions/3D_10242023/1/AShape_delay_0_4_instance_beta.nii.gz', 'subjects/Geo_Sim_TD/sessions/3D_10242023/1/AShape_delay_1_4_instance_beta.nii.gz', 'subjects/Geo_Sim_TD/sessions/3D_10242023/1/AShape_delay_2_4_instance_beta.nii.gz']",3D_10242023,0,1
105,AShape,3,uncolored_shapes,"['subjects/Geo_Sim_TD/sessions/3D_10242023/1/AShape_delay_0_5_instance_beta.nii.gz', 'subjects/Geo_Sim_TD/sessions/3D_10242023/1/AShape_delay_1_5_instance_beta.nii.gz', 'subjects/Geo_Sim_TD/sessions/3D_10242023/1/AShape_delay_2_5_instance_beta.nii.gz']",3D_10242023,0,1
106,AShape,3,uncolored_shapes,"['subjects/Geo_Sim_TD/sessions/3D_10242023/1/AShape_delay_0_6_instance_beta.nii.gz', 'subjects/Geo_Sim_TD/sessions/3D_10242023/1/AShape_delay_1_6_instance_beta.nii.gz', 'subjects/Geo_Sim_TD/sessions/3D_10242023/1/AShape_delay_2_6_instance_beta.nii.gz']",3D_10242023,0,1
107,AShape,3,uncolored_shapes,"['subjects/Geo_Sim_TD/sessions/3D_10242023/1/AShape_delay_0_7_instance_beta.nii.gz', 'subjects/Geo_Sim_TD/sessions/3D_10242023/1/AShape_delay_1_7_instance_beta.nii.gz', 'subjects/Geo_Sim_TD/sessions/3D_10242023/1/AShape_delay_2_7_instance_beta.nii.gz']",3D_10242023,0,1
108,AShape,3,uncolored_shapes,"['subjects/Geo_Sim_TD/sessions/3D_10242023/1/AShape_delay_0_8_instance_beta.nii.gz', 'subjects/Geo_Sim_TD/sessions/3D_10242023/1/AShape_delay_1_8_instance_beta.nii.gz', 'subjects/Geo_Sim_TD/sessions/3D_10242023/1/AShape_delay_2_8_instance_beta.nii.gz']",3D_10242023,0,1
109,AShape,3,uncolored_shapes,"['subjects/Geo_Sim_TD/sessions/3D_10242023/1/AShape_delay_0_9_instance_beta.nii.gz', 'subjects/Geo_Sim_TD/sessions/3D_10242023/1/AShape_delay_1_9_instance_beta.nii.gz', 'subjects/Geo_Sim_TD/sessions/3D_10242023/1/AShape_delay_2_9_instance_beta.nii.gz']",3D_10242023,0,1
110,AShape,3,uncolored_shapes,"['subjects/Geo_Sim_TD/sessions/3D_10242023/1/AShape_delay_0_10_instance_beta.nii.gz', 'subjects/Geo_Sim_TD/sessions/3D_10242023/1/AShape_delay_1_10_instance_beta.nii.gz', 'subjects/Geo_Sim_TD/sessions/3D_10242023/1/AShape_delay_2_10_instance_beta.nii.gz']",3D_10242023,0,1
111,AShape,3,uncolored_shapes,"['subjects/Geo_Sim_TD/sessions/3D_10242023/1/AShape_delay_0_11_instance_beta.nii.gz', 'subjects/Geo_Sim_TD/sessions/3D_10242023/1/AShape_delay_1_11_instance_beta.nii.gz', 'subjects/Geo_Sim_TD/sessions/3D_10242023/1/AShape_delay_2_11_instance_beta.nii.gz']",3D_10242023,0,1
112,AShape,3,uncolored_shapes,"['subjects/Geo_Sim_TD/sessions/3D_10242023/1/AShape_delay_0_12_instance_beta.nii.gz', 'subjects/Geo_Sim_TD/sessions/3D_10242023/1/AShape_delay_1_12_instance_beta.nii.gz', 'subjects/Geo_Sim_TD/sessions/3D_10242023/1/AShape_delay_2_12_instance_beta.nii.gz']",3D_10242023,0,1
113,AShape,3,uncolored_shapes,"['subjects/Geo_Sim_TD/sessions/3D_10242023/1/AShape_delay_0_13_instance_beta.nii.gz', 'subjects/Geo_Sim_TD/sessions/3D_10242023/1/AShape_delay_1_13_instance_beta.nii.gz', 'subjects/Geo_Sim_TD/sessions/3D_10242023/1/AShape_delay_2_13_instance_beta.nii.gz']",3D_10242023,0,1
114,AShape,3,uncolored_shapes,"['subjects/Geo_Sim_TD/sessions/3D_10242023/1/AShape_delay_0_14_instance_beta.nii.gz', 'subjects/Geo_Sim_TD/sessions/3D_10242023/1/AShape_delay_1_14_instance_beta.nii.gz', 'subjects/Geo_Sim_TD/sessions/3D_10242023/1/AShape_delay_2_14_instance_beta.nii.gz']",3D_10242023,0,1
115,AShape,3,uncolored_shapes,"['subjects/Geo_Sim_TD/sessions/3D_10242023/1/AShape_delay_0_15_instance_beta.nii.gz', 'subjects/Geo_Sim_TD/sessions/3D_10242023/1/AShape_delay_1_15_instance_beta.nii.gz', 'subjects/Geo_Sim_TD/sessions/3D_10242023/1/AShape_delay_2_15_instance_beta.nii.gz']",3D_10242023,0,1
116,AShape,3,uncolored_shapes,"['subjects/Geo_Sim_TD/sessions/3D_10242023/1/AShape_delay_0_16_instance_beta.nii.gz', 'subjects/Geo_Sim_TD/sessions/3D_10242023/1/AShape_delay_1_16_instance_beta.nii.gz', 'subjects/Geo_Sim_TD/sessions/3D_10242023/1/AShape_delay_2_16_instance_beta.nii.gz']",3D_10242023,0,1
117,AShape,3,uncolored_shapes,"['subjects/Geo_Sim_TD/sessions/3D_10242023/1/AShape_delay_0_17_instance_beta.nii.gz', 'subjects/Geo_Sim_TD/sessions/3D_10242023/1/AShape_delay_1_17_instance_beta.nii.gz', 'subjects/Geo_Sim_TD/sessions/3D_10242023/1/AShape_delay_2_17_instance_beta.nii.gz']",3D_10242023,0,1
118,AShape,3,uncolored_shapes,"['subjects/Geo_Sim_TD/sessions/3D_10242023/1/AShape_delay_0_18_instance_beta.nii.gz', 'subjects/Geo_Sim_TD/sessions/3D_10242023/1/AShape_delay_1_18_instance_beta.nii.gz', 'subjects/Geo_Sim_TD/sessions/3D_10242023/1/AShape_delay_2_18_instance_beta.nii.gz']",3D_10242023,0,1
119,AShape,3,uncolored_shapes,"['subjects/Geo_Sim_TD/sessions/3D_10242023/1/AShape_delay_0_19_instance_beta.nii.gz', 'subjects/Geo_Sim_TD/sessions/3D_10242023/1/AShape_delay_1_19_instance_beta.nii.gz', 'subjects/Geo_Sim_TD/sessions/3D_10242023/1/AShape_delay_2_19_instance_beta.nii.gz']",3D_10242023,0,1
120,AShape,3,uncolored_shapes,"['subjects/Geo_Sim_TD/sessions/3D_10242023/1/AShape_delay_0_20_instance_beta.nii.gz', 'subjects/Geo_Sim_TD/sessions/3D_10242023/1/AShape_delay_1_20_instance_beta.nii.gz', 'subjects/Geo_Sim_TD/sessions/3D_10242023/1/AShape_delay_2_20_instance_beta.nii.gz']",3D_10242023,0,1
121,AShape,3,uncolored_shapes,"['subjects/Geo_Sim_TD/sessions/3D_10242023/1/AShape_delay_0_21_instance_beta.nii.gz', 'subjects/Geo_Sim_TD/sessions/3D_10242023/1/AShape_delay_1_21_instance_beta.nii.gz', 'subjects/Geo_Sim_TD/sessions/3D_10242023/1/AShape_delay_2_21_instance_beta.nii.gz']",3D_10242023,0,1
122,AShape,3,uncolored_shapes,"['subjects/Geo_Sim_TD/sessions/3D_10242023/1/AShape_delay_0_22_instance_beta.nii.gz', 'subjects/Geo_Sim_TD/sessions/3D_10242023/1/AShape_delay_1_22_instance_beta.nii.gz', 'subjects/Geo_Sim_TD/sessions/3D_10242023/1/AShape_delay_2_22_instance_beta.nii.gz']",3D_10242023,0,1
123,AShape,3,uncolored_shapes,"['subjects/Geo_Sim_TD/sessions/3D_10242023/1/AShape_delay_0_23_instance_beta.nii.gz', 'subjects/Geo_Sim_TD/sessions/3D_10242023/1/AShape_delay_1_23_instance_beta.nii.gz', 'subjects/Geo_Sim_TD/sessions/3D_10242023/1/AShape_delay_2_23_instance_beta.nii.gz']",3D_10242023,0,1
124,AShape,3,uncolored_shapes,"['subjects/Geo_Sim_TD/sessions/3D_10242023/1/AShape_delay_0_24_instance_beta.nii.gz', 'subjects/Geo_Sim_TD/sessions/3D_10242023/1/AShape_delay_1_24_instance_beta.nii.gz', 'subjects/Geo_Sim_TD/sessions/3D_10242023/1/AShape_delay_2_24_instance_beta.nii.gz']",3D_10242023,0,1
125,AShape,3,uncolored_shapes,"['subjects/Geo_Sim_TD/sessions/3D_10242023/1/AShape_delay_0_25_instance_beta.nii.gz', 'subjects/Geo_Sim_TD/sessions/3D_10242023/1/AShape_delay_1_25_instance_beta.nii.gz', 'subjects/Geo_Sim_TD/sessions/3D_10242023/1/AShape_delay_2_25_instance_beta.nii.gz']",3D_10242023,0,1
126,AShape,3,uncolored_shapes,"['subjects/Geo_Sim_TD/sessions/3D_10242023/1/AShape_delay_0_26_instance_beta.nii.gz', 'subjects/Geo_Sim_TD/sessions/3D_10242023/1/AShape_delay_1_26_instance_beta.nii.gz', 'subjects/Geo_Sim_TD/sessions/3D_10242023/1/AShape_delay_2_26_instance_beta.nii.gz']",3D_10242023,0,1
127,AShape,3,uncolored_shapes,"['subjects/Geo_Sim_TD/sessions/3D_10242023/1/AShape_delay_0_27_instance_beta.nii.gz', 'subjects/Geo_Sim_TD/sessions/3D_10242023/1/AShape_delay_1_27_instance_beta.nii.gz', 'subjects/Geo_Sim_TD/sessions/3D_10242023/1/AShape_delay_2_27_instance_beta.nii.gz']",3D_10242023,0,1
128,AShape,3,uncolored_shapes,"['subjects/Geo_Sim_TD/sessions/3D_10242023/1/AShape_delay_0_28_instance_beta.nii.gz', 'subjects/Geo_Sim_TD/sessions/3D_10242023/1/AShape_delay_1_28_instance_beta.nii.gz', 'subjects/Geo_Sim_TD/sessions/3D_10242023/1/AShape_delay_2_28_instance_beta.nii.gz']",3D_10242023,0,1
129,AShape,3,uncolored_shapes,"['subjects/Geo_Sim_TD/sessions/3D_10242023/1/AShape_delay_0_29_instance_beta.nii.gz', 'subjects/Geo_Sim_TD/sessions/3D_10242023/1/AShape_delay_1_29_instance_beta.nii.gz', 'subjects/Geo_Sim_TD/sessions/3D_10242023/1/AShape_delay_2_29_instance_beta.nii.gz']",3D_10242023,0,1
130,AShape,3,uncolored_shapes,"['subjects/Geo_Sim_TD/sessions/3D_10242023/1/AShape_delay_0_30_instance_beta.nii.gz', 'subjects/Geo_Sim_TD/sessions/3D_10242023/1/AShape_delay_1_30_instance_beta.nii.gz', 'subjects/Geo_Sim_TD/sessions/3D_10242023/1/AShape_delay_2_30_instance_beta.nii.gz']",3D_10242023,0,1
131,AShape,3,uncolored_shapes,"['subjects/Geo_Sim_TD/sessions/3D_10242023/1/AShape_delay_0_31_instance_beta.nii.gz', 'subjects/Geo_Sim_TD/sessions/3D_10242023/1/AShape_delay_1_31_instance_beta.nii.gz', 'subjects/Geo_Sim_TD/sessions/3D_10242023/1/AShape_delay_2_31_instance_beta.nii.gz']",3D_10242023,0,1
132,AShape,3,uncolored_shapes,"['subjects/Geo_Sim_TD/sessions/3D_10242023/1/AShape_delay_0_32_instance_beta.nii.gz', 'subjects/Geo_Sim_TD/sessions/3D_10242023/1/AShape_delay_1_32_instance_beta.nii.gz', 'subjects/Geo_Sim_TD/sessions/3D_10242023/1/AShape_delay_2_32_instance_beta.nii.gz']",3D_10242023,0,1
133,AShape,3,uncolored_shapes,"['subjects/Geo_Sim_TD/sessions/3D_10242023/1/AShape_delay_0_33_instance_beta.nii.gz', 'subjects/Geo_Sim_TD/sessions/3D_10242023/1/AShape_delay_1_33_instance_beta.nii.gz', 'subjects/Geo_Sim_TD/sessions/3D_10242023/1/AShape_delay_2_33_instance_beta.nii.gz']",3D_10242023,0,1
134,AShape,3,uncolored_shapes,"['subjects/Geo_Sim_TD/sessions/3D_10242023/1/AShape_delay_0_34_instance_beta.nii.gz', 'subjects/Geo_Sim_TD/sessions/3D_10242023/1/AShape_delay_1_34_instance_beta.nii.gz', 'subjects/Geo_Sim_TD/sessions/3D_10242023/1/AShape_delay_2_34_instance_beta.nii.gz']",3D_10242023,0,1
135,AShape,3,uncolored_shapes,"['subjects/Geo_Sim_TD/sessions/3D_10242023/1/AShape_delay_0_35_instance_beta.nii.gz', 'subjects/Geo_Sim_TD/sessions/3D_10242023/1/AShape_delay_1_35_instance_beta.nii.gz', 'subjects/Geo_Sim_TD/sessions/3D_10242023/1/AShape_delay_2_35_instance_beta.nii.gz']",3D_10242023,0,1
136,AShape,3,uncolored_shapes,"['subjects/Geo_Sim_TD/sessions/3D_10242023/1/AShape_delay_0_36_instance_beta.nii.gz', 'subjects/Geo_Sim_TD/sessions/3D_10242023/1/AShape_delay_1_36_instance_beta.nii.gz', 'subjects/Geo_Sim_TD/sessions/3D_10242023/1/AShape_delay_2_36_instance_beta.nii.gz']",3D_10242023,0,1
137,AShape,3,uncolored_shapes,"['subjects/Geo_Sim_TD/sessions/3D_10242023/1/AShape_delay_0_37_instance_beta.nii.gz', 'subjects/Geo_Sim_TD/sessions/3D_10242023/1/AShape_delay_1_37_instance_beta.nii.gz', 'subjects/Geo_Sim_TD/sessions/3D_10242023/1/AShape_delay_2_37_instance_beta.nii.gz']",3D_10242023,0,1
138,AShape,3,uncolored_shapes,"['subjects/Geo_Sim_TD/sessions/3D_10242023/1/AShape_delay_0_38_instance_beta.nii.gz', 'subjects/Geo_Sim_TD/sessions/3D_10242023/1/AShape_delay_1_38_instance_beta.nii.gz', 'subjects/Geo_Sim_TD/sessions/3D_10242023/1/AShape_delay_2_38_instance_beta.nii.gz']",3D_10242023,0,1
139,AShape,3,uncolored_shapes,"['subjects/Geo_Sim_TD/sessions/3D_10242023/1/AShape_delay_0_39_instance_beta.nii.gz', 'subjects/Geo_Sim_TD/sessions/3D_10242023/1/AShape_delay_1_39_instance_beta.nii.gz', 'subjects/Geo_Sim_TD/sessions/3D_10242023/1/AShape_delay_2_39_instance_beta.nii.gz']",3D_10242023,0,1
140,AShape,3,uncolored_shapes,"['subjects/Geo_Sim_TD/sessions/3D_10242023/1/AShape_delay_0_40_instance_beta.nii.gz', 'subjects/Geo_Sim_TD/sessions/3D_10242023/1/AShape_delay_1_40_instance_beta.nii.gz', 'subjects/Geo_Sim_TD/sessions/3D_10242023/1/AShape_delay_2_40_instance_beta.nii.gz']",3D_10242023,0,1
141,AShape,3,uncolored_shapes,"['subjects/Geo_Sim_TD/sessions/3D_10242023/1/AShape_delay_0_41_instance_beta.nii.gz', 'subjects/Geo_Sim_TD/sessions/3D_10242023/1/AShape_delay_1_41_instance_beta.nii.gz', 'subjects/Geo_Sim_TD/sessions/3D_10242023/1/AShape_delay_2_41_instance_beta.nii.gz']",3D_10242023,0,1
142,AShape,3,uncolored_shapes,"['subjects/Geo_Sim_TD/sessions/3D_10242023/1/AShape_delay_0_42_instance_beta.nii.gz', 'subjects/Geo_Sim_TD/sessions/3D_10242023/1/AShape_delay_1_42_instance_beta.nii.gz', 'subjects/Geo_Sim_TD/sessions/3D_10242023/1/AShape_delay_2_42_instance_beta.nii.gz']",3D_10242023,0,1
143,AShape,3,uncolored_shapes,"['subjects/Geo_Sim_TD/sessions/3D_10242023/1/AShape_delay_0_43_instance_beta.nii.gz', 'subjects/Geo_Sim_TD/sessions/3D_10242023/1/AShape_delay_1_43_instance_beta.nii.gz', 'subjects/Geo_Sim_TD/sessions/3D_10242023/1/AShape_delay_2_43_instance_beta.nii.gz']",3D_10242023,0,1
144,AShape,3,uncolored_shapes,"['subjects/Geo_Sim_TD/sessions/3D_10242023/1/AShape_delay_0_44_instance_beta.nii.gz', 'subjects/Geo_Sim_TD/sessions/3D_10242023/1/AShape_delay_1_44_instance_beta.nii.gz', 'subjects/Geo_Sim_TD/sessions/3D_10242023/1/AShape_delay_2_44_instance_beta.nii.gz']",3D_10242023,0,1
145,AShape,3,uncolored_shapes,"['subjects/Geo_Sim_TD/sessions/3D_10242023/1/AShape_delay_0_45_instance_beta.nii.gz', 'subjects/Geo_Sim_TD/sessions/3D_10242023/1/AShape_delay_1_45_instance_beta.nii.gz', 'subjects/Geo_Sim_TD/sessions/3D_10242023/1/AShape_delay_2_45_instance_beta.nii.gz']",3D_10242023,0,1
146,AShape,3,uncolored_shapes,"['subjects/Geo_Sim_TD/sessions/3D_10242023/1/AShape_delay_0_46_instance_beta.nii.gz', 'subjects/Geo_Sim_TD/sessions/3D_10242023/1/AShape_delay_1_46_instance_beta.nii.gz', 'subjects/Geo_Sim_TD/sessions/3D_10242023/1/AShape_delay_2_46_instance_beta.nii.gz']",3D_10242023,0,1
147,AShape,3,uncolored_shapes,"['subjects/Geo_Sim_TD/sessions/3D_10242023/1/AShape_delay_0_47_instance_beta.nii.gz', 'subjects/Geo_Sim_TD/sessions/3D_10242023/1/AShape_delay_1_47_instance_beta.nii.gz', 'subjects/Geo_Sim_TD/sessions/3D_10242023/1/AShape_delay_2_47_instance_beta.nii.gz']",3D_10242023,0,1
148,AShape,3,uncolored_shapes,"['subjects/Geo_Sim_TD/sessions/3D_10242023/1/AShape_delay_0_48_instance_beta.nii.gz', 'subjects/Geo_Sim_TD/sessions/3D_10242023/1/AShape_delay_1_48_instance_beta.nii.gz', 'subjects/Geo_Sim_TD/sessions/3D_10242023/1/AShape_delay_2_48_instance_beta.nii.gz']",3D_10242023,0,1
149,AShape,3,uncolored_shapes,"['subjects/Geo_Sim_TD/sessions/3D_10242023/1/AShape_delay_0_49_instance_beta.nii.gz', 'subjects/Geo_Sim_TD/sessions/3D_10242023/1/AShape_delay_1_49_instance_beta.nii.gz', 'subjects/Geo_Sim_TD/sessions/3D_10242023/1/AShape_delay_2_49_instance_beta.nii.gz']",3D_10242023,0,1
150,BShape,4,uncolored_shapes,"['subjects/Geo_Sim_TD/sessions/3D_10242023/1/BShape_delay_0_0_instance_beta.nii.gz', 'subjects/Geo_Sim_TD/sessions/3D_10242023/1/BShape_delay_1_0_instance_beta.nii.gz', 'subjects/Geo_Sim_TD/sessions/3D_10242023/1/BShape_delay_2_0_instance_beta.nii.gz']",3D_10242023,0,1
151,BShape,4,uncolored_shapes,"['subjects/Geo_Sim_TD/sessions/3D_10242023/1/BShape_delay_0_1_instance_beta.nii.gz', 'subjects/Geo_Sim_TD/sessions/3D_10242023/1/BShape_delay_1_1_instance_beta.nii.gz', 'subjects/Geo_Sim_TD/sessions/3D_10242023/1/BShape_delay_2_1_instance_beta.nii.gz']",3D_10242023,0,1
152,BShape,4,uncolored_shapes,"['subjects/Geo_Sim_TD/sessions/3D_10242023/1/BShape_delay_0_2_instance_beta.nii.gz', 'subjects/Geo_Sim_TD/sessions/3D_10242023/1/BShape_delay_1_2_instance_beta.nii.gz', 'subjects/Geo_Sim_TD/sessions/3D_10242023/1/BShape_delay_2_2_instance_beta.nii.gz']",3D_10242023,0,1
153,BShape,4,uncolored_shapes,"['subjects/Geo_Sim_TD/sessions/3D_10242023/1/BShape_delay_0_3_instance_beta.nii.gz', 'subjects/Geo_Sim_TD/sessions/3D_10242023/1/BShape_delay_1_3_instance_beta.nii.gz', 'subjects/Geo_Sim_TD/sessions/3D_10242023/1/BShape_delay_2_3_instance_beta.nii.gz']",3D_10242023,0,1
154,BShape,4,uncolored_shapes,"['subjects/Geo_Sim_TD/sessions/3D_10242023/1/BShape_delay_0_4_instance_beta.nii.gz', 'subjects/Geo_Sim_TD/sessions/3D_10242023/1/BShape_delay_1_4_instance_beta.nii.gz', 'subjects/Geo_Sim_TD/sessions/3D_10242023/1/BShape_delay_2_4_instance_beta.nii.gz']",3D_10242023,0,1
155,BShape,4,uncolored_shapes,"['subjects/Geo_Sim_TD/sessions/3D_10242023/1/BShape_delay_0_5_instance_beta.nii.gz', 'subjects/Geo_Sim_TD/sessions/3D_10242023/1/BShape_delay_1_5_instance_beta.nii.gz', 'subjects/Geo_Sim_TD/sessions/3D_10242023/1/BShape_delay_2_5_instance_beta.nii.gz']",3D_10242023,0,1
156,BShape,4,uncolored_shapes,"['subjects/Geo_Sim_TD/sessions/3D_10242023/1/BShape_delay_0_6_instance_beta.nii.gz', 'subjects/Geo_Sim_TD/sessions/3D_10242023/1/BShape_delay_1_6_instance_beta.nii.gz', 'subjects/Geo_Sim_TD/sessions/3D_10242023/1/BShape_delay_2_6_instance_beta.nii.gz']",3D_10242023,0,1
157,BShape,4,uncolored_shapes,"['subjects/Geo_Sim_TD/sessions/3D_10242023/1/BShape_delay_0_7_instance_beta.nii.gz', 'subjects/Geo_Sim_TD/sessions/3D_10242023/1/BShape_delay_1_7_instance_beta.nii.gz', 'subjects/Geo_Sim_TD/sessions/3D_10242023/1/BShape_delay_2_7_instance_beta.nii.gz']",3D_10242023,0,1
158,BShape,4,uncolored_shapes,"['subjects/Geo_Sim_TD/sessions/3D_10242023/1/BShape_delay_0_8_instance_beta.nii.gz', 'subjects/Geo_Sim_TD/sessions/3D_10242023/1/BShape_delay_1_8_instance_beta.nii.gz', 'subjects/Geo_Sim_TD/sessions/3D_10242023/1/BShape_delay_2_8_instance_beta.nii.gz']",3D_10242023,0,1
159,BShape,4,uncolored_shapes,"['subjects/Geo_Sim_TD/sessions/3D_10242023/1/BShape_delay_0_9_instance_beta.nii.gz', 'subjects/Geo_Sim_TD/sessions/3D_10242023/1/BShape_delay_1_9_instance_beta.nii.gz', 'subjects/Geo_Sim_TD/sessions/3D_10242023/1/BShape_delay_2_9_instance_beta.nii.gz']",3D_10242023,0,1
160,BShape,4,uncolored_shapes,"['subjects/Geo_Sim_TD/sessions/3D_10242023/1/BShape_delay_0_10_instance_beta.nii.gz', 'subjects/Geo_Sim_TD/sessions/3D_10242023/1/BShape_delay_1_10_instance_beta.nii.gz', 'subjects/Geo_Sim_TD/sessions/3D_10242023/1/BShape_delay_2_10_instance_beta.nii.gz']",3D_10242023,0,1
161,BShape,4,uncolored_shapes,"['subjects/Geo_Sim_TD/sessions/3D_10242023/1/BShape_delay_0_11_instance_beta.nii.gz', 'subjects/Geo_Sim_TD/sessions/3D_10242023/1/BShape_delay_1_11_instance_beta.nii.gz', 'subjects/Geo_Sim_TD/sessions/3D_10242023/1/BShape_delay_2_11_instance_beta.nii.gz']",3D_10242023,0,1
162,BShape,4,uncolored_shapes,"['subjects/Geo_Sim_TD/sessions/3D_10242023/1/BShape_delay_0_12_instance_beta.nii.gz', 'subjects/Geo_Sim_TD/sessions/3D_10242023/1/BShape_delay_1_12_instance_beta.nii.gz', 'subjects/Geo_Sim_TD/sessions/3D_10242023/1/BShape_delay_2_12_instance_beta.nii.gz']",3D_10242023,0,1
163,BShape,4,uncolored_shapes,"['subjects/Geo_Sim_TD/sessions/3D_10242023/1/BShape_delay_0_13_instance_beta.nii.gz', 'subjects/Geo_Sim_TD/sessions/3D_10242023/1/BShape_delay_1_13_instance_beta.nii.gz', 'subjects/Geo_Sim_TD/sessions/3D_10242023/1/BShape_delay_2_13_instance_beta.nii.gz']",3D_10242023,0,1
164,BShape,4,uncolored_shapes,"['subjects/Geo_Sim_TD/sessions/3D_10242023/1/BShape_delay_0_14_instance_beta.nii.gz', 'subjects/Geo_Sim_TD/sessions/3D_10242023/1/BShape_delay_1_14_instance_beta.nii.gz', 'subjects/Geo_Sim_TD/sessions/3D_10242023/1/BShape_delay_2_14_instance_beta.nii.gz']",3D_10242023,0,1
165,BShape,4,uncolored_shapes,"['subjects/Geo_Sim_TD/sessions/3D_10242023/1/BShape_delay_0_15_instance_beta.nii.gz', 'subjects/Geo_Sim_TD/sessions/3D_10242023/1/BShape_delay_1_15_instance_beta.nii.gz', 'subjects/Geo_Sim_TD/sessions/3D_10242023/1/BShape_delay_2_15_instance_beta.nii.gz']",3D_10242023,0,1
166,BShape,4,uncolored_shapes,"['subjects/Geo_Sim_TD/sessions/3D_10242023/1/BShape_delay_0_16_instance_beta.nii.gz', 'subjects/Geo_Sim_TD/sessions/3D_10242023/1/BShape_delay_1_16_instance_beta.nii.gz', 'subjects/Geo_Sim_TD/sessions/3D_10242023/1/BShape_delay_2_16_instance_beta.nii.gz']",3D_10242023,0,1
167,BShape,4,uncolored_shapes,"['subjects/Geo_Sim_TD/sessions/3D_10242023/1/BShape_delay_0_17_instance_beta.nii.gz', 'subjects/Geo_Sim_TD/sessions/3D_10242023/1/BShape_delay_1_17_instance_beta.nii.gz', 'subjects/Geo_Sim_TD/sessions/3D_10242023/1/BShape_delay_2_17_instance_beta.nii.gz']",3D_10242023,0,1
168,BShape,4,uncolored_shapes,"['subjects/Geo_Sim_TD/sessions/3D_10242023/1/BShape_delay_0_18_instance_beta.nii.gz', 'subjects/Geo_Sim_TD/sessions/3D_10242023/1/BShape_delay_1_18_instance_beta.nii.gz', 'subjects/Geo_Sim_TD/sessions/3D_10242023/1/BShape_delay_2_18_instance_beta.nii.gz']",3D_10242023,0,1
169,BShape,4,uncolored_shapes,"['subjects/Geo_Sim_TD/sessions/3D_10242023/1/BShape_delay_0_19_instance_beta.nii.gz', 'subjects/Geo_Sim_TD/sessions/3D_10242023/1/BShape_delay_1_19_instance_beta.nii.gz', 'subjects/Geo_Sim_TD/sessions/3D_10242023/1/BShape_delay_2_19_instance_beta.nii.gz']",3D_10242023,0,1
170,BShape,4,uncolored_shapes,"['subjects/Geo_Sim_TD/sessions/3D_10242023/1/BShape_delay_0_20_instance_beta.nii.gz', 'subjects/Geo_Sim_TD/sessions/3D_10242023/1/BShape_delay_1_20_instance_beta.nii.gz', 'subjects/Geo_Sim_TD/sessions/3D_10242023/1/BShape_delay_2_20_instance_beta.nii.gz']",3D_10242023,0,1
171,BShape,4,uncolored_shapes,"['subjects/Geo_Sim_TD/sessions/3D_10242023/1/BShape_delay_0_21_instance_beta.nii.gz', 'subjects/Geo_Sim_TD/sessions/3D_10242023/1/BShape_delay_1_21_instance_beta.nii.gz', 'subjects/Geo_Sim_TD/sessions/3D_10242023/1/BShape_delay_2_21_instance_beta.nii.gz']",3D_10242023,0,1
172,BShape,4,uncolored_shapes,"['subjects/Geo_Sim_TD/sessions/3D_10242023/1/BShape_delay_0_22_instance_beta.nii.gz', 'subjects/Geo_Sim_TD/sessions/3D_10242023/1/BShape_delay_1_22_instance_beta.nii.gz', 'subjects/Geo_Sim_TD/sessions/3D_10242023/1/BShape_delay_2_22_instance_beta.nii.gz']",3D_10242023,0,1
173,BShape,4,uncolored_shapes,"['subjects/Geo_Sim_TD/sessions/3D_10242023/1/BShape_delay_0_23_instance_beta.nii.gz', 'subjects/Geo_Sim_TD/sessions/3D_10242023/1/BShape_delay_1_23_instance_beta.nii.gz', 'subjects/Geo_Sim_TD/sessions/3D_10242023/1/BShape_delay_2_23_instance_beta.nii.gz']",3D_10242023,0,1
174,BShape,4,uncolored_shapes,"['subjects/Geo_Sim_TD/sessions/3D_10242023/1/BShape_delay_0_24_instance_beta.nii.gz', 'subjects/Geo_Sim_TD/sessions/3D_10242023/1/BShape_delay_1_24_instance_beta.nii.gz', 'subjects/Geo_Sim_TD/sessions/3D_10242023/1/BShape_delay_2_24_instance_beta.nii.gz']",3D_10242023,0,1
175,BShape,4,uncolored_shapes,"['subjects/Geo_Sim_TD/sessions/3D_10242023/1/BShape_delay_0_25_instance_beta.nii.gz', 'subjects/Geo_Sim_TD/sessions/3D_10242023/1/BShape_delay_1_25_instance_beta.nii.gz', 'subjects/Geo_Sim_TD/sessions/3D_10242023/1/BShape_delay_2_25_instance_beta.nii.gz']",3D_10242023,0,1
176,BShape,4,uncolored_shapes,"['subjects/Geo_Sim_TD/sessions/3D_10242023/1/BShape_delay_0_26_instance_beta.nii.gz', 'subjects/Geo_Sim_TD/sessions/3D_10242023/1/BShape_delay_1_26_instance_beta.nii.gz', 'subjects/Geo_Sim_TD/sessions/3D_10242023/1/BShape_delay_2_26_instance_beta.nii.gz']",3D_10242023,0,1
177,BShape,4,uncolored_shapes,"['subjects/Geo_Sim_TD/sessions/3D_10242023/1/BShape_delay_0_27_instance_beta.nii.gz', 'subjects/Geo_Sim_TD/sessions/3D_10242023/1/BShape_delay_1_27_instance_beta.nii.gz', 'subjects/Geo_Sim_TD/sessions/3D_10242023/1/BShape_delay_2_27_instance_beta.nii.gz']",3D_10242023,0,1
178,BShape,4,uncolored_shapes,"['subjects/Geo_Sim_TD/sessions/3D_10242023/1/BShape_delay_0_28_instance_beta.nii.gz', 'subjects/Geo_Sim_TD/sessions/3D_10242023/1/BShape_delay_1_28_instance_beta.nii.gz', 'subjects/Geo_Sim_TD/sessions/3D_10242023/1/BShape_delay_2_28_instance_beta.nii.gz']",3D_10242023,0,1
179,BShape,4,uncolored_shapes,"['subjects/Geo_Sim_TD/sessions/3D_10242023/1/BShape_delay_0_29_instance_beta.nii.gz', 'subjects/Geo_Sim_TD/sessions/3D_10242023/1/BShape_delay_1_29_instance_beta.nii.gz', 'subjects/Geo_Sim_TD/sessions/3D_10242023/1/BShape_delay_2_29_instance_beta.nii.gz']",3D_10242023,0,1
180,BShape,4,uncolored_shapes,"['subjects/Geo_Sim_TD/sessions/3D_10242023/1/BShape_delay_0_30_instance_beta.nii.gz', 'subjects/Geo_Sim_TD/sessions/3D_10242023/1/BShape_delay_1_30_instance_beta.nii.gz', 'subjects/Geo_Sim_TD/sessions/3D_10242023/1/BShape_delay_2_30_instance_beta.nii.gz']",3D_10242023,0,1
181,BShape,4,uncolored_shapes,"['subjects/Geo_Sim_TD/sessions/3D_10242023/1/BShape_delay_0_31_instance_beta.nii.gz', 'subjects/Geo_Sim_TD/sessions/3D_10242023/1/BShape_delay_1_31_instance_beta.nii.gz', 'subjects/Geo_Sim_TD/sessions/3D_10242023/1/BShape_delay_2_31_instance_beta.nii.gz']",3D_10242023,0,1
182,BShape,4,uncolored_shapes,"['subjects/Geo_Sim_TD/sessions/3D_10242023/1/BShape_delay_0_32_instance_beta.nii.gz', 'subjects/Geo_Sim_TD/sessions/3D_10242023/1/BShape_delay_1_32_instance_beta.nii.gz', 'subjects/Geo_Sim_TD/sessions/3D_10242023/1/BShape_delay_2_32_instance_beta.nii.gz']",3D_10242023,0,1
183,BShape,4,uncolored_shapes,"['subjects/Geo_Sim_TD/sessions/3D_10242023/1/BShape_delay_0_33_instance_beta.nii.gz', 'subjects/Geo_Sim_TD/sessions/3D_10242023/1/BShape_delay_1_33_instance_beta.nii.gz', 'subjects/Geo_Sim_TD/sessions/3D_10242023/1/BShape_delay_2_33_instance_beta.nii.gz']",3D_10242023,0,1
184,BShape,4,uncolored_shapes,"['subjects/Geo_Sim_TD/sessions/3D_10242023/1/BShape_delay_0_34_instance_beta.nii.gz', 'subjects/Geo_Sim_TD/sessions/3D_10242023/1/BShape_delay_1_34_instance_beta.nii.gz', 'subjects/Geo_Sim_TD/sessions/3D_10242023/1/BShape_delay_2_34_instance_beta.nii.gz']",3D_10242023,0,1
185,BShape,4,uncolored_shapes,"['subjects/Geo_Sim_TD/sessions/3D_10242023/1/BShape_delay_0_35_instance_beta.nii.gz', 'subjects/Geo_Sim_TD/sessions/3D_10242023/1/BShape_delay_1_35_instance_beta.nii.gz', 'subjects/Geo_Sim_TD/sessions/3D_10242023/1/BShape_delay_2_35_instance_beta.nii.gz']",3D_10242023,0,1
186,BShape,4,uncolored_shapes,"['subjects/Geo_Sim_TD/sessions/3D_10242023/1/BShape_delay_0_36_instance_beta.nii.gz', 'subjects/Geo_Sim_TD/sessions/3D_10242023/1/BShape_delay_1_36_instance_beta.nii.gz', 'subjects/Geo_Sim_TD/sessions/3D_10242023/1/BShape_delay_2_36_instance_beta.nii.gz']",3D_10242023,0,1
187,BShape,4,uncolored_shapes,"['subjects/Geo_Sim_TD/sessions/3D_10242023/1/BShape_delay_0_37_instance_beta.nii.gz', 'subjects/Geo_Sim_TD/sessions/3D_10242023/1/BShape_delay_1_37_instance_beta.nii.gz', 'subjects/Geo_Sim_TD/sessions/3D_10242023/1/BShape_delay_2_37_instance_beta.nii.gz']",3D_10242023,0,1
188,BShape,4,uncolored_shapes,"['subjects/Geo_Sim_TD/sessions/3D_10242023/1/BShape_delay_0_38_instance_beta.nii.gz', 'subjects/Geo_Sim_TD/sessions/3D_10242023/1/BShape_delay_1_38_instance_beta.nii.gz', 'subjects/Geo_Sim_TD/sessions/3D_10242023/1/BShape_delay_2_38_instance_beta.nii.gz']",3D_10242023,0,1
189,BShape,4,uncolored_shapes,"['subjects/Geo_Sim_TD/sessions/3D_10242023/1/BShape_delay_0_39_instance_beta.nii.gz', 'subjects/Geo_Sim_TD/sessions/3D_10242023/1/BShape_delay_1_39_instance_beta.nii.gz', 'subjects/Geo_Sim_TD/sessions/3D_10242023/1/BShape_delay_2_39_instance_beta.nii.gz']",3D_10242023,0,1
190,BShape,4,uncolored_shapes,"['subjects/Geo_Sim_TD/sessions/3D_10242023/1/BShape_delay_0_40_instance_beta.nii.gz', 'subjects/Geo_Sim_TD/sessions/3D_10242023/1/BShape_delay_1_40_instance_beta.nii.gz', 'subjects/Geo_Sim_TD/sessions/3D_10242023/1/BShape_delay_2_40_instance_beta.nii.gz']",3D_10242023,0,1
191,BShape,4,uncolored_shapes,"['subjects/Geo_Sim_TD/sessions/3D_10242023/1/BShape_delay_0_41_instance_beta.nii.gz', 'subjects/Geo_Sim_TD/sessions/3D_10242023/1/BShape_delay_1_41_instance_beta.nii.gz', 'subjects/Geo_Sim_TD/sessions/3D_10242023/1/BShape_delay_2_41_instance_beta.nii.gz']",3D_10242023,0,1
192,BShape,4,uncolored_shapes,"['subjects/Geo_Sim_TD/sessions/3D_10242023/1/BShape_delay_0_42_instance_beta.nii.gz', 'subjects/Geo_Sim_TD/sessions/3D_10242023/1/BShape_delay_1_42_instance_beta.nii.gz', 'subjects/Geo_Sim_TD/sessions/3D_10242023/1/BShape_delay_2_42_instance_beta.nii.gz']",3D_10242023,0,1
193,BShape,4,uncolored_shapes,"['subjects/Geo_Sim_TD/sessions/3D_10242023/1/BShape_delay_0_43_instance_beta.nii.gz', 'subjects/Geo_Sim_TD/sessions/3D_10242023/1/BShape_delay_1_43_instance_beta.nii.gz', 'subjects/Geo_Sim_TD/sessions/3D_10242023/1/BShape_delay_2_43_instance_beta.nii.gz']",3D_10242023,0,1
194,BShape,4,uncolored_shapes,"['subjects/Geo_Sim_TD/sessions/3D_10242023/1/BShape_delay_0_44_instance_beta.nii.gz', 'subjects/Geo_Sim_TD/sessions/3D_10242023/1/BShape_delay_1_44_instance_beta.nii.gz', 'subjects/Geo_Sim_TD/sessions/3D_10242023/1/BShape_delay_2_44_instance_beta.nii.gz']",3D_10242023,0,1
195,BShape,4,uncolored_shapes,"['subjects/Geo_Sim_TD/sessions/3D_10242023/1/BShape_delay_0_45_instance_beta.nii.gz', 'subjects/Geo_Sim_TD/sessions/3D_10242023/1/BShape_delay_1_45_instance_beta.nii.gz', 'subjects/Geo_Sim_TD/sessions/3D_10242023/1/BShape_delay_2_45_instance_beta.nii.gz']",3D_10242023,0,1
196,BShape,4,uncolored_shapes,"['subjects/Geo_Sim_TD/sessions/3D_10242023/1/BShape_delay_0_46_instance_beta.nii.gz', 'subjects/Geo_Sim_TD/sessions/3D_10242023/1/BShape_delay_1_46_instance_beta.nii.gz', 'subjects/Geo_Sim_TD/sessions/3D_10242023/1/BShape_delay_2_46_instance_beta.nii.gz']",3D_10242023,0,1
197,BShape,4,uncolored_shapes,"['subjects/Geo_Sim_TD/sessions/3D_10242023/1/BShape_delay_0_47_instance_beta.nii.gz', 'subjects/Geo_Sim_TD/sessions/3D_10242023/1/BShape_delay_1_47_instance_beta.nii.gz', 'subjects/Geo_Sim_TD/sessions/3D_10242023/1/BShape_delay_2_47_instance_beta.nii.gz']",3D_10242023,0,1
198,BShape,4,uncolored_shapes,"['subjects/Geo_Sim_TD/sessions/3D_10242023/1/BShape_delay_0_48_instance_beta.nii.gz', 'subjects/Geo_Sim_TD/sessions/3D_10242023/1/BShape_delay_1_48_instance_beta.nii.gz', 'subjects/Geo_Sim_TD/sessions/3D_10242023/1/BShape_delay_2_48_instance_beta.nii.gz']",3D_10242023,0,1
199,BShape,4,uncolored_shapes,"['subjects/Geo_Sim_TD/sessions/3D_10242023/1/BShape_delay_0_49_instance_beta.nii.gz', 'subjects/Geo_Sim_TD/sessions/3D_10242023/1/BShape_delay_1_49_instance_beta.nii.gz', 'subjects/Geo_Sim_TD/sessions/3D_10242023/1/BShape_delay_2_49_instance_beta.nii.gz']",3D_10242023,0,1
200,AColor_Choice,5,colored_blob_choices,['subjects/Geo_Sim_TD/sessions/3D_10242023/1/AColor_Choice_0_instance_beta.nii.gz'],3D_10242023,0,1
201,AColor_Choice,5,colored_blob_choices,['subjects/Geo_Sim_TD/sessions/3D_10242023/1/AColor_Choice_1_instance_beta.nii.gz'],3D_10242023,0,1
202,AColor_Choice,5,colored_blob_choices,['subjects/Geo_Sim_TD/sessions/3D_10242023/1/AColor_Choice_2_instance_beta.nii.gz'],3D_10242023,0,1
203,AColor_Choice,5,colored_blob_choices,['subjects/Geo_Sim_TD/sessions/3D_10242023/1/AColor_Choice_3_instance_beta.nii.gz'],3D_10242023,0,1
204,AColor_Choice,5,colored_blob_choices,['subjects/Geo_Sim_TD/sessions/3D_10242023/1/AColor_Choice_4_instance_beta.nii.gz'],3D_10242023,0,1
205,AColor_Choice,5,colored_blob_choices,['subjects/Geo_Sim_TD/sessions/3D_10242023/1/AColor_Choice_5_instance_beta.nii.gz'],3D_10242023,0,1
206,AColor_Choice,5,colored_blob_choices,['subjects/Geo_Sim_TD/sessions/3D_10242023/1/AColor_Choice_6_instance_beta.nii.gz'],3D_10242023,0,1
207,AColor_Choice,5,colored_blob_choices,['subjects/Geo_Sim_TD/sessions/3D_10242023/1/AColor_Choice_7_instance_beta.nii.gz'],3D_10242023,0,1
208,AColor_Choice,5,colored_blob_choices,['subjects/Geo_Sim_TD/sessions/3D_10242023/1/AColor_Choice_8_instance_beta.nii.gz'],3D_10242023,0,1
209,AColor_Choice,5,colored_blob_choices,['subjects/Geo_Sim_TD/sessions/3D_10242023/1/AColor_Choice_9_instance_beta.nii.gz'],3D_10242023,0,1
210,AColor_Choice,5,colored_blob_choices,['subjects/Geo_Sim_TD/sessions/3D_10242023/1/AColor_Choice_10_instance_beta.nii.gz'],3D_10242023,0,1
211,AColor_Choice,5,colored_blob_choices,['subjects/Geo_Sim_TD/sessions/3D_10242023/1/AColor_Choice_11_instance_beta.nii.gz'],3D_10242023,0,1
212,AColor_Choice,5,colored_blob_choices,['subjects/Geo_Sim_TD/sessions/3D_10242023/1/AColor_Choice_12_instance_beta.nii.gz'],3D_10242023,0,1
213,AColor_Choice,5,colored_blob_choices,['subjects/Geo_Sim_TD/sessions/3D_10242023/1/AColor_Choice_13_instance_beta.nii.gz'],3D_10242023,0,1
214,AColor_Choice,5,colored_blob_choices,['subjects/Geo_Sim_TD/sessions/3D_10242023/1/AColor_Choice_14_instance_beta.nii.gz'],3D_10242023,0,1
215,AColor_Choice,5,colored_blob_choices,['subjects/Geo_Sim_TD/sessions/3D_10242023/1/AColor_Choice_15_instance_beta.nii.gz'],3D_10242023,0,1
216,AColor_Choice,5,colored_blob_choices,['subjects/Geo_Sim_TD/sessions/3D_10242023/1/AColor_Choice_16_instance_beta.nii.gz'],3D_10242023,0,1
217,AColor_Choice,5,colored_blob_choices,['subjects/Geo_Sim_TD/sessions/3D_10242023/1/AColor_Choice_17_instance_beta.nii.gz'],3D_10242023,0,1
218,AColor_Choice,5,colored_blob_choices,['subjects/Geo_Sim_TD/sessions/3D_10242023/1/AColor_Choice_18_instance_beta.nii.gz'],3D_10242023,0,1
219,AColor_Choice,5,colored_blob_choices,['subjects/Geo_Sim_TD/sessions/3D_10242023/1/AColor_Choice_19_instance_beta.nii.gz'],3D_10242023,0,1
220,AColor_Choice,5,colored_blob_choices,['subjects/Geo_Sim_TD/sessions/3D_10242023/1/AColor_Choice_20_instance_beta.nii.gz'],3D_10242023,0,1
221,AColor_Choice,5,colored_blob_choices,['subjects/Geo_Sim_TD/sessions/3D_10242023/1/AColor_Choice_21_instance_beta.nii.gz'],3D_10242023,0,1
222,AColor_Choice,5,colored_blob_choices,['subjects/Geo_Sim_TD/sessions/3D_10242023/1/AColor_Choice_22_instance_beta.nii.gz'],3D_10242023,0,1
223,AColor_Choice,5,colored_blob_choices,['subjects/Geo_Sim_TD/sessions/3D_10242023/1/AColor_Choice_23_instance_beta.nii.gz'],3D_10242023,0,1
224,AColor_Choice,5,colored_blob_choices,['subjects/Geo_Sim_TD/sessions/3D_10242023/1/AColor_Choice_24_instance_beta.nii.gz'],3D_10242023,0,1
225,AColor_Choice,5,colored_blob_choices,['subjects/Geo_Sim_TD/sessions/3D_10242023/1/AColor_Choice_25_instance_beta.nii.gz'],3D_10242023,0,1
226,AColor_Choice,5,colored_blob_choices,['subjects/Geo_Sim_TD/sessions/3D_10242023/1/AColor_Choice_26_instance_beta.nii.gz'],3D_10242023,0,1
227,AColor_Choice,5,colored_blob_choices,['subjects/Geo_Sim_TD/sessions/3D_10242023/1/AColor_Choice_27_instance_beta.nii.gz'],3D_10242023,0,1
228,AColor_Choice,5,colored_blob_choices,['subjects/Geo_Sim_TD/sessions/3D_10242023/1/AColor_Choice_28_instance_beta.nii.gz'],3D_10242023,0,1
229,AColor_Choice,5,colored_blob_choices,['subjects/Geo_Sim_TD/sessions/3D_10242023/1/AColor_Choice_29_instance_beta.nii.gz'],3D_10242023,0,1
230,AColor_Choice,5,colored_blob_choices,['subjects/Geo_Sim_TD/sessions/3D_10242023/1/AColor_Choice_30_instance_beta.nii.gz'],3D_10242023,0,1
231,AColor_Choice,5,colored_blob_choices,['subjects/Geo_Sim_TD/sessions/3D_10242023/1/AColor_Choice_31_instance_beta.nii.gz'],3D_10242023,0,1
232,AColor_Choice,5,colored_blob_choices,['subjects/Geo_Sim_TD/sessions/3D_10242023/1/AColor_Choice_32_instance_beta.nii.gz'],3D_10242023,0,1
233,AColor_Choice,5,colored_blob_choices,['subjects/Geo_Sim_TD/sessions/3D_10242023/1/AColor_Choice_33_instance_beta.nii.gz'],3D_10242023,0,1
234,AColor_Choice,5,colored_blob_choices,['subjects/Geo_Sim_TD/sessions/3D_10242023/1/AColor_Choice_34_instance_beta.nii.gz'],3D_10242023,0,1
235,AColor_Choice,5,colored_blob_choices,['subjects/Geo_Sim_TD/sessions/3D_10242023/1/AColor_Choice_35_instance_beta.nii.gz'],3D_10242023,0,1
236,AColor_Choice,5,colored_blob_choices,['subjects/Geo_Sim_TD/sessions/3D_10242023/1/AColor_Choice_36_instance_beta.nii.gz'],3D_10242023,0,1
237,AColor_Choice,5,colored_blob_choices,['subjects/Geo_Sim_TD/sessions/3D_10242023/1/AColor_Choice_37_instance_beta.nii.gz'],3D_10242023,0,1
238,AColor_Choice,5,colored_blob_choices,['subjects/Geo_Sim_TD/sessions/3D_10242023/1/AColor_Choice_38_instance_beta.nii.gz'],3D_10242023,0,1
239,AColor_Choice,5,colored_blob_choices,['subjects/Geo_Sim_TD/sessions/3D_10242023/1/AColor_Choice_39_instance_beta.nii.gz'],3D_10242023,0,1
240,AColor_Choice,5,colored_blob_choices,['subjects/Geo_Sim_TD/sessions/3D_10242023/1/AColor_Choice_40_instance_beta.nii.gz'],3D_10242023,0,1
241,AColor_Choice,5,colored_blob_choices,['subjects/Geo_Sim_TD/sessions/3D_10242023/1/AColor_Choice_41_instance_beta.nii.gz'],3D_10242023,0,1
242,AColor_Choice,5,colored_blob_choices,['subjects/Geo_Sim_TD/sessions/3D_10242023/1/AColor_Choice_42_instance_beta.nii.gz'],3D_10242023,0,1
243,AColor_Choice,5,colored_blob_choices,['subjects/Geo_Sim_TD/sessions/3D_10242023/1/AColor_Choice_43_instance_beta.nii.gz'],3D_10242023,0,1
244,AColor_Choice,5,colored_blob_choices,['subjects/Geo_Sim_TD/sessions/3D_10242023/1/AColor_Choice_44_instance_beta.nii.gz'],3D_10242023,0,1
245,AColor_Choice,5,colored_blob_choices,['subjects/Geo_Sim_TD/sessions/3D_10242023/1/AColor_Choice_45_instance_beta.nii.gz'],3D_10242023,0,1
246,AColor_Choice,5,colored_blob_choices,['subjects/Geo_Sim_TD/sessions/3D_10242023/1/AColor_Choice_46_instance_beta.nii.gz'],3D_10242023,0,1
247,AColor_Choice,5,colored_blob_choices,['subjects/Geo_Sim_TD/sessions/3D_10242023/1/AColor_Choice_47_instance_beta.nii.gz'],3D_10242023,0,1
248,AColor_Choice,5,colored_blob_choices,['subjects/Geo_Sim_TD/sessions/3D_10242023/1/AColor_Choice_48_instance_beta.nii.gz'],3D_10242023,0,1
249,BColor_Choice,6,colored_blob_choices,['subjects/Geo_Sim_TD/sessions/3D_10242023/1/BColor_Choice_0_instance_beta.nii.gz'],3D_10242023,0,1
250,BColor_Choice,6,colored_blob_choices,['subjects/Geo_Sim_TD/sessions/3D_10242023/1/BColor_Choice_1_instance_beta.nii.gz'],3D_10242023,0,1
251,BColor_Choice,6,colored_blob_choices,['subjects/Geo_Sim_TD/sessions/3D_10242023/1/BColor_Choice_2_instance_beta.nii.gz'],3D_10242023,0,1
252,BColor_Choice,6,colored_blob_choices,['subjects/Geo_Sim_TD/sessions/3D_10242023/1/BColor_Choice_3_instance_beta.nii.gz'],3D_10242023,0,1
253,BColor_Choice,6,colored_blob_choices,['subjects/Geo_Sim_TD/sessions/3D_10242023/1/BColor_Choice_4_instance_beta.nii.gz'],3D_10242023,0,1
254,BColor_Choice,6,colored_blob_choices,['subjects/Geo_Sim_TD/sessions/3D_10242023/1/BColor_Choice_5_instance_beta.nii.gz'],3D_10242023,0,1
255,BColor_Choice,6,colored_blob_choices,['subjects/Geo_Sim_TD/sessions/3D_10242023/1/BColor_Choice_6_instance_beta.nii.gz'],3D_10242023,0,1
256,BColor_Choice,6,colored_blob_choices,['subjects/Geo_Sim_TD/sessions/3D_10242023/1/BColor_Choice_7_instance_beta.nii.gz'],3D_10242023,0,1
257,BColor_Choice,6,colored_blob_choices,['subjects/Geo_Sim_TD/sessions/3D_10242023/1/BColor_Choice_8_instance_beta.nii.gz'],3D_10242023,0,1
258,BColor_Choice,6,colored_blob_choices,['subjects/Geo_Sim_TD/sessions/3D_10242023/1/BColor_Choice_9_instance_beta.nii.gz'],3D_10242023,0,1
259,BColor_Choice,6,colored_blob_choices,['subjects/Geo_Sim_TD/sessions/3D_10242023/1/BColor_Choice_10_instance_beta.nii.gz'],3D_10242023,0,1
260,BColor_Choice,6,colored_blob_choices,['subjects/Geo_Sim_TD/sessions/3D_10242023/1/BColor_Choice_11_instance_beta.nii.gz'],3D_10242023,0,1
261,BColor_Choice,6,colored_blob_choices,['subjects/Geo_Sim_TD/sessions/3D_10242023/1/BColor_Choice_12_instance_beta.nii.gz'],3D_10242023,0,1
262,BColor_Choice,6,colored_blob_choices,['subjects/Geo_Sim_TD/sessions/3D_10242023/1/BColor_Choice_13_instance_beta.nii.gz'],3D_10242023,0,1
263,BColor_Choice,6,colored_blob_choices,['subjects/Geo_Sim_TD/sessions/3D_10242023/1/BColor_Choice_14_instance_beta.nii.gz'],3D_10242023,0,1
264,BColor_Choice,6,colored_blob_choices,['subjects/Geo_Sim_TD/sessions/3D_10242023/1/BColor_Choice_15_instance_beta.nii.gz'],3D_10242023,0,1
265,BColor_Choice,6,colored_blob_choices,['subjects/Geo_Sim_TD/sessions/3D_10242023/1/BColor_Choice_16_instance_beta.nii.gz'],3D_10242023,0,1
266,BColor_Choice,6,colored_blob_choices,['subjects/Geo_Sim_TD/sessions/3D_10242023/1/BColor_Choice_17_instance_beta.nii.gz'],3D_10242023,0,1
267,BColor_Choice,6,colored_blob_choices,['subjects/Geo_Sim_TD/sessions/3D_10242023/1/BColor_Choice_18_instance_beta.nii.gz'],3D_10242023,0,1
268,BColor_Choice,6,colored_blob_choices,['subjects/Geo_Sim_TD/sessions/3D_10242023/1/BColor_Choice_19_instance_beta.nii.gz'],3D_10242023,0,1
269,BColor_Choice,6,colored_blob_choices,['subjects/Geo_Sim_TD/sessions/3D_10242023/1/BColor_Choice_20_instance_beta.nii.gz'],3D_10242023,0,1
270,BColor_Choice,6,colored_blob_choices,['subjects/Geo_Sim_TD/sessions/3D_10242023/1/BColor_Choice_21_instance_beta.nii.gz'],3D_10242023,0,1
271,BColor_Choice,6,colored_blob_choices,['subjects/Geo_Sim_TD/sessions/3D_10242023/1/BColor_Choice_22_instance_beta.nii.gz'],3D_10242023,0,1
272,BColor_Choice,6,colored_blob_choices,['subjects/Geo_Sim_TD/sessions/3D_10242023/1/BColor_Choice_23_instance_beta.nii.gz'],3D_10242023,0,1
273,BColor_Choice,6,colored_blob_choices,['subjects/Geo_Sim_TD/sessions/3D_10242023/1/BColor_Choice_24_instance_beta.nii.gz'],3D_10242023,0,1
274,BColor_Choice,6,colored_blob_choices,['subjects/Geo_Sim_TD/sessions/3D_10242023/1/BColor_Choice_25_instance_beta.nii.gz'],3D_10242023,0,1
275,BColor_Choice,6,colored_blob_choices,['subjects/Geo_Sim_TD/sessions/3D_10242023/1/BColor_Choice_26_instance_beta.nii.gz'],3D_10242023,0,1
276,BColor_Choice,6,colored_blob_choices,['subjects/Geo_Sim_TD/sessions/3D_10242023/1/BColor_Choice_27_instance_beta.nii.gz'],3D_10242023,0,1
277,BColor_Choice,6,colored_blob_choices,['subjects/Geo_Sim_TD/sessions/3D_10242023/1/BColor_Choice_28_instance_beta.nii.gz'],3D_10242023,0,1
278,BColor_Choice,6,colored_blob_choices,['subjects/Geo_Sim_TD/sessions/3D_10242023/1/BColor_Choice_29_instance_beta.nii.gz'],3D_10242023,0,1
279,BColor_Choice,6,colored_blob_choices,['subjects/Geo_Sim_TD/sessions/3D_10242023/1/BColor_Choice_30_instance_beta.nii.gz'],3D_10242023,0,1
280,BColor_Choice,6,colored_blob_choices,['subjects/Geo_Sim_TD/sessions/3D_10242023/1/BColor_Choice_31_instance_beta.nii.gz'],3D_10242023,0,1
281,BColor_Choice,6,colored_blob_choices,['subjects/Geo_Sim_TD/sessions/3D_10242023/1/BColor_Choice_32_instance_beta.nii.gz'],3D_10242023,0,1
282,BColor_Choice,6,colored_blob_choices,['subjects/Geo_Sim_TD/sessions/3D_10242023/1/BColor_Choice_33_instance_beta.nii.gz'],3D_10242023,0,1
283,BColor_Choice,6,colored_blob_choices,['subjects/Geo_Sim_TD/sessions/3D_10242023/1/BColor_Choice_34_instance_beta.nii.gz'],3D_10242023,0,1
284,BColor_Choice,6,colored_blob_choices,['subjects/Geo_Sim_TD/sessions/3D_10242023/1/BColor_Choice_35_instance_beta.nii.gz'],3D_10242023,0,1
285,BColor_Choice,6,colored_blob_choices,['subjects/Geo_Sim_TD/sessions/3D_10242023/1/BColor_Choice_36_instance_beta.nii.gz'],3D_10242023,0,1
286,BColor_Choice,6,colored_blob_choices,['subjects/Geo_Sim_TD/sessions/3D_10242023/1/BColor_Choice_37_instance_beta.nii.gz'],3D_10242023,0,1
287,BColor_Choice,6,colored_blob_choices,['subjects/Geo_Sim_TD/sessions/3D_10242023/1/BColor_Choice_38_instance_beta.nii.gz'],3D_10242023,0,1
288,BColor_Choice,6,colored_blob_choices,['subjects/Geo_Sim_TD/sessions/3D_10242023/1/BColor_Choice_39_instance_beta.nii.gz'],3D_10242023,0,1
289,BColor_Choice,6,colored_blob_choices,['subjects/Geo_Sim_TD/sessions/3D_10242023/1/BColor_Choice_40_instance_beta.nii.gz'],3D_10242023,0,1
290,BColor_Choice,6,colored_blob_choices,['subjects/Geo_Sim_TD/sessions/3D_10242023/1/BColor_Choice_41_instance_beta.nii.gz'],3D_10242023,0,1
291,BColor_Choice,6,colored_blob_choices,['subjects/Geo_Sim_TD/sessions/3D_10242023/1/BColor_Choice_42_instance_beta.nii.gz'],3D_10242023,0,1
292,BColor_Choice,6,colored_blob_choices,['subjects/Geo_Sim_TD/sessions/3D_10242023/1/BColor_Choice_43_instance_beta.nii.gz'],3D_10242023,0,1
293,BColor_Choice,6,colored_blob_choices,['subjects/Geo_Sim_TD/sessions/3D_10242023/1/BColor_Choice_44_instance_beta.nii.gz'],3D_10242023,0,1
294,BColor_Choice,6,colored_blob_choices,['subjects/Geo_Sim_TD/sessions/3D_10242023/1/BColor_Choice_45_instance_beta.nii.gz'],3D_10242023,0,1
295,BColor_Choice,6,colored_blob_choices,['subjects/Geo_Sim_TD/sessions/3D_10242023/1/BColor_Choice_46_instance_beta.nii.gz'],3D_10242023,0,1
296,BColor_Choice,6,colored_blob_choices,['subjects/Geo_Sim_TD/sessions/3D_10242023/1/BColor_Choice_47_instance_beta.nii.gz'],3D_10242023,0,1
297,BColor_Choice,6,colored_blob_choices,['subjects/Geo_Sim_TD/sessions/3D_10242023/1/BColor_Choice_48_instance_beta.nii.gz'],3D_10242023,0,1
298,BColor_Choice,6,colored_blob_choices,['subjects/Geo_Sim_TD/sessions/3D_10242023/1/BColor_Choice_49_instance_beta.nii.gz'],3D_10242023,0,1
299,AShape_Choice,7,uncolored_shape_choices,['subjects/Geo_Sim_TD/sessions/3D_10242023/1/AShape_Choice_0_instance_beta.nii.gz'],3D_10242023,0,1
300,AShape_Choice,7,uncolored_shape_choices,['subjects/Geo_Sim_TD/sessions/3D_10242023/1/AShape_Choice_1_instance_beta.nii.gz'],3D_10242023,0,1
301,AShape_Choice,7,uncolored_shape_choices,['subjects/Geo_Sim_TD/sessions/3D_10242023/1/AShape_Choice_2_instance_beta.nii.gz'],3D_10242023,0,1
302,AShape_Choice,7,uncolored_shape_choices,['subjects/Geo_Sim_TD/sessions/3D_10242023/1/AShape_Choice_3_instance_beta.nii.gz'],3D_10242023,0,1
303,AShape_Choice,7,uncolored_shape_choices,['subjects/Geo_Sim_TD/sessions/3D_10242023/1/AShape_Choice_4_instance_beta.nii.gz'],3D_10242023,0,1
304,AShape_Choice,7,uncolored_shape_choices,['subjects/Geo_Sim_TD/sessions/3D_10242023/1/AShape_Choice_5_instance_beta.nii.gz'],3D_10242023,0,1
305,AShape_Choice,7,uncolored_shape_choices,['subjects/Geo_Sim_TD/sessions/3D_10242023/1/AShape_Choice_6_instance_beta.nii.gz'],3D_10242023,0,1
306,AShape_Choice,7,uncolored_shape_choices,['subjects/Geo_Sim_TD/sessions/3D_10242023/1/AShape_Choice_7_instance_beta.nii.gz'],3D_10242023,0,1
307,AShape_Choice,7,uncolored_shape_choices,['subjects/Geo_Sim_TD/sessions/3D_10242023/1/AShape_Choice_8_instance_beta.nii.gz'],3D_10242023,0,1
308,AShape_Choice,7,uncolored_shape_choices,['subjects/Geo_Sim_TD/sessions/3D_10242023/1/AShape_Choice_9_instance_beta.nii.gz'],3D_10242023,0,1
309,AShape_Choice,7,uncolored_shape_choices,['subjects/Geo_Sim_TD/sessions/3D_10242023/1/AShape_Choice_10_instance_beta.nii.gz'],3D_10242023,0,1
310,AShape_Choice,7,uncolored_shape_choices,['subjects/Geo_Sim_TD/sessions/3D_10242023/1/AShape_Choice_11_instance_beta.nii.gz'],3D_10242023,0,1
311,AShape_Choice,7,uncolored_shape_choices,['subjects/Geo_Sim_TD/sessions/3D_10242023/1/AShape_Choice_12_instance_beta.nii.gz'],3D_10242023,0,1
312,AShape_Choice,7,uncolored_shape_choices,['subjects/Geo_Sim_TD/sessions/3D_10242023/1/AShape_Choice_13_instance_beta.nii.gz'],3D_10242023,0,1
313,AShape_Choice,7,uncolored_shape_choices,['subjects/Geo_Sim_TD/sessions/3D_10242023/1/AShape_Choice_14_instance_beta.nii.gz'],3D_10242023,0,1
314,AShape_Choice,7,uncolored_shape_choices,['subjects/Geo_Sim_TD/sessions/3D_10242023/1/AShape_Choice_15_instance_beta.nii.gz'],3D_10242023,0,1
315,AShape_Choice,7,uncolored_shape_choices,['subjects/Geo_Sim_TD/sessions/3D_10242023/1/AShape_Choice_16_instance_beta.nii.gz'],3D_10242023,0,1
316,AShape_Choice,7,uncolored_shape_choices,['subjects/Geo_Sim_TD/sessions/3D_10242023/1/AShape_Choice_17_instance_beta.nii.gz'],3D_10242023,0,1
317,AShape_Choice,7,uncolored_shape_choices,['subjects/Geo_Sim_TD/sessions/3D_10242023/1/AShape_Choice_18_instance_beta.nii.gz'],3D_10242023,0,1
318,AShape_Choice,7,uncolored_shape_choices,['subjects/Geo_Sim_TD/sessions/3D_10242023/1/AShape_Choice_19_instance_beta.nii.gz'],3D_10242023,0,1
319,AShape_Choice,7,uncolored_shape_choices,['subjects/Geo_Sim_TD/sessions/3D_10242023/1/AShape_Choice_20_instance_beta.nii.gz'],3D_10242023,0,1
320,AShape_Choice,7,uncolored_shape_choices,['subjects/Geo_Sim_TD/sessions/3D_10242023/1/AShape_Choice_21_instance_beta.nii.gz'],3D_10242023,0,1
321,AShape_Choice,7,uncolored_shape_choices,['subjects/Geo_Sim_TD/sessions/3D_10242023/1/AShape_Choice_22_instance_beta.nii.gz'],3D_10242023,0,1
322,AShape_Choice,7,uncolored_shape_choices,['subjects/Geo_Sim_TD/sessions/3D_10242023/1/AShape_Choice_23_instance_beta.nii.gz'],3D_10242023,0,1
323,AShape_Choice,7,uncolored_shape_choices,['subjects/Geo_Sim_TD/sessions/3D_10242023/1/AShape_Choice_24_instance_beta.nii.gz'],3D_10242023,0,1
324,AShape_Choice,7,uncolored_shape_choices,['subjects/Geo_Sim_TD/sessions/3D_10242023/1/AShape_Choice_25_instance_beta.nii.gz'],3D_10242023,0,1
325,AShape_Choice,7,uncolored_shape_choices,['subjects/Geo_Sim_TD/sessions/3D_10242023/1/AShape_Choice_26_instance_beta.nii.gz'],3D_10242023,0,1
326,AShape_Choice,7,uncolored_shape_choices,['subjects/Geo_Sim_TD/sessions/3D_10242023/1/AShape_Choice_27_instance_beta.nii.gz'],3D_10242023,0,1
327,AShape_Choice,7,uncolored_shape_choices,['subjects/Geo_Sim_TD/sessions/3D_10242023/1/AShape_Choice_28_instance_beta.nii.gz'],3D_10242023,0,1
328,AShape_Choice,7,uncolored_shape_choices,['subjects/Geo_Sim_TD/sessions/3D_10242023/1/AShape_Choice_29_instance_beta.nii.gz'],3D_10242023,0,1
329,AShape_Choice,7,uncolored_shape_choices,['subjects/Geo_Sim_TD/sessions/3D_10242023/1/AShape_Choice_30_instance_beta.nii.gz'],3D_10242023,0,1
330,AShape_Choice,7,uncolored_shape_choices,['subjects/Geo_Sim_TD/sessions/3D_10242023/1/AShape_Choice_31_instance_beta.nii.gz'],3D_10242023,0,1
331,AShape_Choice,7,uncolored_shape_choices,['subjects/Geo_Sim_TD/sessions/3D_10242023/1/AShape_Choice_32_instance_beta.nii.gz'],3D_10242023,0,1
332,AShape_Choice,7,uncolored_shape_choices,['subjects/Geo_Sim_TD/sessions/3D_10242023/1/AShape_Choice_33_instance_beta.nii.gz'],3D_10242023,0,1
333,AShape_Choice,7,uncolored_shape_choices,['subjects/Geo_Sim_TD/sessions/3D_10242023/1/AShape_Choice_34_instance_beta.nii.gz'],3D_10242023,0,1
334,AShape_Choice,7,uncolored_shape_choices,['subjects/Geo_Sim_TD/sessions/3D_10242023/1/AShape_Choice_35_instance_beta.nii.gz'],3D_10242023,0,1
335,AShape_Choice,7,uncolored_shape_choices,['subjects/Geo_Sim_TD/sessions/3D_10242023/1/AShape_Choice_36_instance_beta.nii.gz'],3D_10242023,0,1
336,AShape_Choice,7,uncolored_shape_choices,['subjects/Geo_Sim_TD/sessions/3D_10242023/1/AShape_Choice_37_instance_beta.nii.gz'],3D_10242023,0,1
337,AShape_Choice,7,uncolored_shape_choices,['subjects/Geo_Sim_TD/sessions/3D_10242023/1/AShape_Choice_38_instance_beta.nii.gz'],3D_10242023,0,1
338,AShape_Choice,7,uncolored_shape_choices,['subjects/Geo_Sim_TD/sessions/3D_10242023/1/AShape_Choice_39_instance_beta.nii.gz'],3D_10242023,0,1
339,AShape_Choice,7,uncolored_shape_choices,['subjects/Geo_Sim_TD/sessions/3D_10242023/1/AShape_Choice_40_instance_beta.nii.gz'],3D_10242023,0,1
340,AShape_Choice,7,uncolored_shape_choices,['subjects/Geo_Sim_TD/sessions/3D_10242023/1/AShape_Choice_41_instance_beta.nii.gz'],3D_10242023,0,1
341,AShape_Choice,7,uncolored_shape_choices,['subjects/Geo_Sim_TD/sessions/3D_10242023/1/AShape_Choice_42_instance_beta.nii.gz'],3D_10242023,0,1
342,AShape_Choice,7,uncolored_shape_choices,['subjects/Geo_Sim_TD/sessions/3D_10242023/1/AShape_Choice_43_instance_beta.nii.gz'],3D_10242023,0,1
343,AShape_Choice,7,uncolored_shape_choices,['subjects/Geo_Sim_TD/sessions/3D_10242023/1/AShape_Choice_44_instance_beta.nii.gz'],3D_10242023,0,1
344,AShape_Choice,7,uncolored_shape_choices,['subjects/Geo_Sim_TD/sessions/3D_10242023/1/AShape_Choice_45_instance_beta.nii.gz'],3D_10242023,0,1
345,AShape_Choice,7,uncolored_shape_choices,['subjects/Geo_Sim_TD/sessions/3D_10242023/1/AShape_Choice_46_instance_beta.nii.gz'],3D_10242023,0,1
346,AShape_Choice,7,uncolored_shape_choices,['subjects/Geo_Sim_TD/sessions/3D_10242023/1/AShape_Choice_47_instance_beta.nii.gz'],3D_10242023,0,1
347,AShape_Choice,7,uncolored_shape_choices,['subjects/Geo_Sim_TD/sessions/3D_10242023/1/AShape_Choice_48_instance_beta.nii.gz'],3D_10242023,0,1
348,AShape_Choice,7,uncolored_shape_choices,['subjects/Geo_Sim_TD/sessions/3D_10242023/1/AShape_Choice_49_instance_beta.nii.gz'],3D_10242023,0,1
349,BShape_Choice,8,uncolored_shape_choices,['subjects/Geo_Sim_TD/sessions/3D_10242023/1/BShape_Choice_0_instance_beta.nii.gz'],3D_10242023,0,1
350,BShape_Choice,8,uncolored_shape_choices,['subjects/Geo_Sim_TD/sessions/3D_10242023/1/BShape_Choice_1_instance_beta.nii.gz'],3D_10242023,0,1
351,BShape_Choice,8,uncolored_shape_choices,['subjects/Geo_Sim_TD/sessions/3D_10242023/1/BShape_Choice_2_instance_beta.nii.gz'],3D_10242023,0,1
352,BShape_Choice,8,uncolored_shape_choices,['subjects/Geo_Sim_TD/sessions/3D_10242023/1/BShape_Choice_3_instance_beta.nii.gz'],3D_10242023,0,1
353,BShape_Choice,8,uncolored_shape_choices,['subjects/Geo_Sim_TD/sessions/3D_10242023/1/BShape_Choice_4_instance_beta.nii.gz'],3D_10242023,0,1
354,BShape_Choice,8,uncolored_shape_choices,['subjects/Geo_Sim_TD/sessions/3D_10242023/1/BShape_Choice_5_instance_beta.nii.gz'],3D_10242023,0,1
355,BShape_Choice,8,uncolored_shape_choices,['subjects/Geo_Sim_TD/sessions/3D_10242023/1/BShape_Choice_6_instance_beta.nii.gz'],3D_10242023,0,1
356,BShape_Choice,8,uncolored_shape_choices,['subjects/Geo_Sim_TD/sessions/3D_10242023/1/BShape_Choice_7_instance_beta.nii.gz'],3D_10242023,0,1
357,BShape_Choice,8,uncolored_shape_choices,['subjects/Geo_Sim_TD/sessions/3D_10242023/1/BShape_Choice_8_instance_beta.nii.gz'],3D_10242023,0,1
358,BShape_Choice,8,uncolored_shape_choices,['subjects/Geo_Sim_TD/sessions/3D_10242023/1/BShape_Choice_9_instance_beta.nii.gz'],3D_10242023,0,1
359,BShape_Choice,8,uncolored_shape_choices,['subjects/Geo_Sim_TD/sessions/3D_10242023/1/BShape_Choice_10_instance_beta.nii.gz'],3D_10242023,0,1
360,BShape_Choice,8,uncolored_shape_choices,['subjects/Geo_Sim_TD/sessions/3D_10242023/1/BShape_Choice_11_instance_beta.nii.gz'],3D_10242023,0,1
361,BShape_Choice,8,uncolored_shape_choices,['subjects/Geo_Sim_TD/sessions/3D_10242023/1/BShape_Choice_12_instance_beta.nii.gz'],3D_10242023,0,1
362,BShape_Choice,8,uncolored_shape_choices,['subjects/Geo_Sim_TD/sessions/3D_10242023/1/BShape_Choice_13_instance_beta.nii.gz'],3D_10242023,0,1
363,BShape_Choice,8,uncolored_shape_choices,['subjects/Geo_Sim_TD/sessions/3D_10242023/1/BShape_Choice_14_instance_beta.nii.gz'],3D_10242023,0,1
364,BShape_Choice,8,uncolored_shape_choices,['subjects/Geo_Sim_TD/sessions/3D_10242023/1/BShape_Choice_15_instance_beta.nii.gz'],3D_10242023,0,1
365,BShape_Choice,8,uncolored_shape_choices,['subjects/Geo_Sim_TD/sessions/3D_10242023/1/BShape_Choice_16_instance_beta.nii.gz'],3D_10242023,0,1
366,BShape_Choice,8,uncolored_shape_choices,['subjects/Geo_Sim_TD/sessions/3D_10242023/1/BShape_Choice_17_instance_beta.nii.gz'],3D_10242023,0,1
367,BShape_Choice,8,uncolored_shape_choices,['subjects/Geo_Sim_TD/sessions/3D_10242023/1/BShape_Choice_18_instance_beta.nii.gz'],3D_10242023,0,1
368,BShape_Choice,8,uncolored_shape_choices,['subjects/Geo_Sim_TD/sessions/3D_10242023/1/BShape_Choice_19_instance_beta.nii.gz'],3D_10242023,0,1
369,BShape_Choice,8,uncolored_shape_choices,['subjects/Geo_Sim_TD/sessions/3D_10242023/1/BShape_Choice_20_instance_beta.nii.gz'],3D_10242023,0,1
370,BShape_Choice,8,uncolored_shape_choices,['subjects/Geo_Sim_TD/sessions/3D_10242023/1/BShape_Choice_21_instance_beta.nii.gz'],3D_10242023,0,1
371,BShape_Choice,8,uncolored_shape_choices,['subjects/Geo_Sim_TD/sessions/3D_10242023/1/BShape_Choice_22_instance_beta.nii.gz'],3D_10242023,0,1
372,BShape_Choice,8,uncolored_shape_choices,['subjects/Geo_Sim_TD/sessions/3D_10242023/1/BShape_Choice_23_instance_beta.nii.gz'],3D_10242023,0,1
373,BShape_Choice,8,uncolored_shape_choices,['subjects/Geo_Sim_TD/sessions/3D_10242023/1/BShape_Choice_24_instance_beta.nii.gz'],3D_10242023,0,1
374,BShape_Choice,8,uncolored_shape_choices,['subjects/Geo_Sim_TD/sessions/3D_10242023/1/BShape_Choice_25_instance_beta.nii.gz'],3D_10242023,0,1
375,BShape_Choice,8,uncolored_shape_choices,['subjects/Geo_Sim_TD/sessions/3D_10242023/1/BShape_Choice_26_instance_beta.nii.gz'],3D_10242023,0,1
376,BShape_Choice,8,uncolored_shape_choices,['subjects/Geo_Sim_TD/sessions/3D_10242023/1/BShape_Choice_27_instance_beta.nii.gz'],3D_10242023,0,1
377,BShape_Choice,8,uncolored_shape_choices,['subjects/Geo_Sim_TD/sessions/3D_10242023/1/BShape_Choice_28_instance_beta.nii.gz'],3D_10242023,0,1
378,BShape_Choice,8,uncolored_shape_choices,['subjects/Geo_Sim_TD/sessions/3D_10242023/1/BShape_Choice_29_instance_beta.nii.gz'],3D_10242023,0,1
379,BShape_Choice,8,uncolored_shape_choices,['subjects/Geo_Sim_TD/sessions/3D_10242023/1/BShape_Choice_30_instance_beta.nii.gz'],3D_10242023,0,1
380,BShape_Choice,8,uncolored_shape_choices,['subjects/Geo_Sim_TD/sessions/3D_10242023/1/BShape_Choice_31_instance_beta.nii.gz'],3D_10242023,0,1
381,BShape_Choice,8,uncolored_shape_choices,['subjects/Geo_Sim_TD/sessions/3D_10242023/1/BShape_Choice_32_instance_beta.nii.gz'],3D_10242023,0,1
382,BShape_Choice,8,uncolored_shape_choices,['subjects/Geo_Sim_TD/sessions/3D_10242023/1/BShape_Choice_33_instance_beta.nii.gz'],3D_10242023,0,1
383,BShape_Choice,8,uncolored_shape_choices,['subjects/Geo_Sim_TD/sessions/3D_10242023/1/BShape_Choice_34_instance_beta.nii.gz'],3D_10242023,0,1
384,BShape_Choice,8,uncolored_shape_choices,['subjects/Geo_Sim_TD/sessions/3D_10242023/1/BShape_Choice_35_instance_beta.nii.gz'],3D_10242023,0,1
385,BShape_Choice,8,uncolored_shape_choices,['subjects/Geo_Sim_TD/sessions/3D_10242023/1/BShape_Choice_36_instance_beta.nii.gz'],3D_10242023,0,1
386,BShape_Choice,8,uncolored_shape_choices,['subjects/Geo_Sim_TD/sessions/3D_10242023/1/BShape_Choice_37_instance_beta.nii.gz'],3D_10242023,0,1
387,BShape_Choice,8,uncolored_shape_choices,['subjects/Geo_Sim_TD/sessions/3D_10242023/1/BShape_Choice_38_instance_beta.nii.gz'],3D_10242023,0,1
388,BShape_Choice,8,uncolored_shape_choices,['subjects/Geo_Sim_TD/sessions/3D_10242023/1/BShape_Choice_39_instance_beta.nii.gz'],3D_10242023,0,1
389,BShape_Choice,8,uncolored_shape_choices,['subjects/Geo_Sim_TD/sessions/3D_10242023/1/BShape_Choice_40_instance_beta.nii.gz'],3D_10242023,0,1
390,BShape_Choice,8,uncolored_shape_choices,['subjects/Geo_Sim_TD/sessions/3D_10242023/1/BShape_Choice_41_instance_beta.nii.gz'],3D_10242023,0,1
391,BShape_Choice,8,uncolored_shape_choices,['subjects/Geo_Sim_TD/sessions/3D_10242023/1/BShape_Choice_42_instance_beta.nii.gz'],3D_10242023,0,1
392,BShape_Choice,8,uncolored_shape_choices,['subjects/Geo_Sim_TD/sessions/3D_10242023/1/BShape_Choice_43_instance_beta.nii.gz'],3D_10242023,0,1
393,BShape_Choice,8,uncolored_shape_choices,['subjects/Geo_Sim_TD/sessions/3D_10242023/1/BShape_Choice_44_instance_beta.nii.gz'],3D_10242023,0,1
394,BShape_Choice,8,uncolored_shape_choices,['subjects/Geo_Sim_TD/sessions/3D_10242023/1/BShape_Choice_45_instance_beta.nii.gz'],3D_10242023,0,1
395,BShape_Choice,8,uncolored_shape_choices,['subjects/Geo_Sim_TD/sessions/3D_10242023/1/BShape_Choice_46_instance_beta.nii.gz'],3D_10242023,0,1
396,BShape_Choice,8,uncolored_shape_choices,['subjects/Geo_Sim_TD/sessions/3D_10242023/1/BShape_Choice_47_instance_beta.nii.gz'],3D_10242023,0,1
397,BShape_Choice,8,uncolored_shape_choices,['subjects/Geo_Sim_TD/sessions/3D_10242023/1/BShape_Choice_48_instance_beta.nii.gz'],3D_10242023,0,1
398,BShape_Choice,8,uncolored_shape_choices,['subjects/Geo_Sim_TD/sessions/3D_10242023/1/BShape_Choice_49_instance_beta.nii.gz'],3D_10242023,0,1
